vehID,routeID,recentRecord,recentPosition,정류장 명칭,recentPop,opeDep,estPosition,measured_time,recent_x,recent_y,next_x,next_y
서울70사9034,11110236,2019-09-02 07:55:43,23,상도SH빌아파트상도팰리스후문,5.0,20190902071545,26,20190902080000,0.0,-1.5,0.5,-1.666666667
서울70사9035,11110236,2019-09-02 07:59:39,23,상도SH빌아파트상도팰리스후문,7.0,20190902072013,24,20190902080000,0.0,-1.5,0.0,-1.666666667
서울74사2511,11110236,2019-09-02 07:59:46,35,숭실대입구역,8.0,20190902070505,36,20190902080000,0.5,-0.833333333,0.5,-0.75
서울74사2513,11110236,2019-09-02 07:58:31,24,중앙대후문,14.0,20190902071008,24,20190902080000,0.0,-1.666666667,0.0,-1.666666667
서울74사4677,11110236,2019-09-02 07:58:37,19,숭실대입구역,11.0,20190902072508,20,20190902080000,0.0,-0.833333333,0.0,-1.0
서울74사4678,11110236,2019-09-02 07:58:27,19,숭실대입구역,15.0,20190902073109,19,20190902080000,0.0,-0.833333333,0.0,-0.833333333
서울74사4681,11110236,2019-09-02 07:59:19,16,봉원중학교.행운동우성아파트,20.0,20190902073749,17,20190902080000,0.0,-0.333333333,0.0,-0.5
서울74사4682,11110236,2019-09-02 07:51:38,12,서울여상.서울문영여중고앞,0.0,20190902074312,15,20190902080000,0.0,0.166666667,0.0,-0.166666667
서울74사4683,11110236,2019-09-02 07:53:53,10,서울대학교,1.0,20190902074724,16,20190902080000,0.0,0.6,0.0,-0.333333333
서울74사4698,11110236,2019-09-02 07:55:31,39,봉천사거리.위버폴리스,0.0,20190902065405,43,20190902080000,0.5,-0.166666667,0.5,0.333333333
서울75사8902,11110236,2019-09-02 07:59:12,37,성현동동아아파트,10.0,20190902065835,38,20190902080000,0.5,-0.5,0.5,-0.333333333
서울70사9033,11110238,2019-09-02 07:58:13,31,봉천사거리.위버폴리스,2.0,20190902071355,34,20190902080000,0.5,-0.166666667,0.0,0.166666667
서울74사8525,11110238,2019-09-02 07:56:01,36,서울대학교,1.0,20190902070530,44,20190902080000,0.0,0.6,0.0,1.0
서울74사8542,11110238,2019-09-02 07:59:43,29,성현동동아아파트,2.0,20190902072154,29,20190902080000,0.5,-0.5,0.5,-0.5
서울74사8556,11110238,2019-09-02 07:57:25,14,봉천사거리.봉천중앙시장,1.0,20190902073741,22,20190902080000,0.0,-0.166666667,0.25,-0.5
서울74사3709,11110241,2019-09-02 07:59:12,36,사육신공원,0.0,20190902065156,28,20190902080000,1.5,0.5,1.75,1.0
서울74사3775,11110241,2019-09-02 07:41:00,28,서울특별시.보라매병원,1.0,20190902065931,37,20190902080000,1.75,1.0,1.25,0.5
서울74사8579,11110241,2019-09-02 07:56:30,28,서울특별시.보라매병원,1.0,20190902070804,37,20190902080000,1.75,1.0,1.25,0.5
서울70사8904,11110537,2019-09-02 07:59:49,7,호암교수회관,45.0,20190902074708,7,20190902080000,-1.368421053,2.0,-1.368421053,2.0
서울70사8905,11110537,2019-09-02 07:53:22,22,제2공학관,0.0,20190902055541,27,20190902080000,0.0,1.0,-0.736842105,1.0
서울70사8909,11110537,2019-09-02 07:38:22,22,제2공학관,0.0,20190902052605,27,20190902080000,0.0,1.0,-0.736842105,1.0
서울70사8985,11110537,2019-09-02 07:43:40,22,제2공학관,0.0,20190902051307,28,20190902080000,0.0,1.0,-0.842105263,1.0
서울70사9037,11110537,2019-09-02 07:59:18,22,제2공학관,0.0,20190902073734,28,20190902080000,0.0,1.0,-0.842105263,1.0
서울70사8906,11110537,2019-09-02 07:58:23,15,노천강당,10.0,20190902062850,16,20190902080000,-0.631578947,2.0,-0.526315789,2.0
서울70사8907,11110537,2019-09-02 07:59:46,33,인헌아파트,12.0,20190902055214,35,20190902080000,-1.421052632,1.0,-1.578947368,1.0
서울70사8908,11110537,2019-09-02 07:52:49,34,서울과학전시관,7.0,20190902065817,39,20190902080000,-1.473684211,1.0,-2.0,1.0
서울70사9038,11110537,2019-09-02 07:58:36,39,낙성대역,0.0,20190902071946,39,20190902080000,-2.0,1.0,-2.0,1.0
서울75사5004,11110537,2019-09-02 07:55:15,39,낙성대역,0.0,20190902074253,2,20190902080000,-2.0,1.0,-1.894736842,2.0
서울75사5007,11110537,2019-09-02 07:57:59,39,낙성대역,28.0,20190902050354,2,20190902080000,-2.0,1.0,-1.894736842,2.0
서울75사5294,11110537,2019-09-02 07:59:21,1,낙성대역,17.0,20190902072059,1,20190902080000,-2.0,2.0,-2.0,2.0
서울75사5295,11110537,2019-09-02 07:59:25,31,가족생활동,1.0,20190902075810,32,20190902080000,-1.157894737,1.0,-1.368421053,1.0
서울70사9034,11110236,2019-09-02 08:29:20,37,성현동동아아파트,11.0,20190902071545,38,20190902083000,0.5,-0.5,0.5,-0.333333333
서울70사9035,11110236,2019-09-02 08:27:41,35,숭실대입구역,4.0,20190902072013,37,20190902083000,0.5,-0.833333333,0.5,-0.5
서울74사2511,11110236,2019-09-02 08:19:24,44,서울대학교,2.0,20190902070505,54,20190902083000,0.5,0.6,0.0,1.0
서울74사2513,11110236,2019-09-02 08:29:22,38,봉원중학교.행운동우성아파트,9.0,20190902071008,39,20190902083000,0.5,-0.333333333,0.5,-0.166666667
서울74사4677,11110236,2019-09-02 08:29:37,32,상도3차삼성래미안후문,5.0,20190902072508,33,20190902083000,0.5,-1.333333333,0.5,-1.166666667
서울74사4678,11110236,2019-09-02 08:22:43,26,중앙대학교,0.0,20190902073109,31,20190902083000,0.5,-1.666666667,0.5,-1.5
서울74사4681,11110236,2019-09-02 08:24:50,24,중앙대후문,11.0,20190902073749,26,20190902083000,0.0,-1.666666667,0.5,-1.666666667
서울74사4682,11110236,2019-09-02 08:25:34,24,중앙대후문,5.0,20190902074312,26,20190902083000,0.0,-1.666666667,0.5,-1.666666667
서울74사4683,11110236,2019-09-02 08:27:28,24,중앙대후문,4.0,20190902074724,26,20190902083000,0.0,-1.666666667,0.5,-1.666666667
서울74사4688,11110236,2019-09-02 08:26:56,19,숭실대입구역,20.0,20190902075339,20,20190902083000,0.0,-0.833333333,0.0,-1.0
서울74사4696,11110236,2019-09-02 08:25:19,12,서울여상.서울문영여중고앞,8.0,20190902081307,13,20190902083000,0.0,0.166666667,0.0,0.0
서울74사4698,11110236,2019-09-02 08:27:15,10,서울대학교,8.0,20190902082138,13,20190902083000,0.0,0.6,0.0,0.0
서울74사8588,11110236,2019-09-02 08:27:52,16,봉원중학교.행운동우성아파트,16.0,20190902080005,17,20190902083000,0.0,-0.333333333,0.0,-0.5
서울74사8589,11110236,2019-09-02 08:21:44,13,관악구청,2.0,20190902080621,15,20190902083000,0.0,0.0,0.0,-0.166666667
서울70사9033,11110238,2019-09-02 08:27:53,9,서울대학교,1.0,20190902082008,12,20190902083000,0.0,0.6,0.0,0.0
서울74사2073,11110238,2019-09-02 08:27:38,22,벽산블루밍아파트종점,0.0,20190902075305,29,20190902083000,0.25,-0.5,0.5,-0.5
서울74사8525,11110238,2019-09-02 08:29:45,12,관악구청,1.0,20190902080912,14,20190902083000,0.0,0.0,0.0,-0.166666667
서울74사8556,11110238,2019-09-02 08:19:21,31,봉천사거리.위버폴리스,3.0,20190902073741,43,20190902083000,0.5,-0.166666667,0.5,1.0
서울74사8557,11110238,2019-09-02 08:27:45,29,성현동동아아파트,1.0,20190902074605,30,20190902083000,0.5,-0.5,0.5,-0.333333333
서울74사3709,11110241,2019-09-02 07:59:12,36,사육신공원,0.0,20190902065156,28,20190902083000,1.5,0.5,1.75,1.0
서울74사3738,11110241,2019-09-02 08:17:13,28,서울특별시.보라매병원,1.0,20190902072527,37,20190902083000,1.75,1.0,1.25,0.5
서울74사3772,11110241,2019-09-02 08:28:05,16,서울대본부앞,1.0,20190902081143,25,20190902083000,1.0,1.5,1.5,1.5
서울75사1320,11110241,2019-09-02 08:27:45,25,신림역2번출구,4.0,20190902073940,28,20190902083000,1.5,1.5,1.75,1.0
서울70사8904,11110537,2019-09-02 08:25:48,37,인헌초등학교,14.0,20190902074708,38,20190902083000,-1.789473684,1.0,-1.894736842,1.0
서울75사5007,11110537,2019-09-02 08:29:39,37,인헌초등학교,51.0,20190902050354,38,20190902083000,-1.789473684,1.0,-1.894736842,1.0
서울70사8905,11110537,2019-09-02 08:29:56,4,낙성대현대아파트,44.0,20190902055541,5,20190902083000,-1.684210526,2.0,-1.578947368,2.0
서울70사8906,11110537,2019-09-02 08:29:14,1,낙성대역,61.0,20190902082605,2,20190902083000,-2.0,2.0,-1.894736842,2.0
서울70사9037,11110537,2019-09-02 08:26:10,1,낙성대역,43.0,20190902082320,2,20190902083000,-2.0,2.0,-1.894736842,2.0
서울70사8907,11110537,2019-09-02 08:29:47,18,에너지자원연구소,18.0,20190902055214,19,20190902083000,-0.315789474,2.0,-0.210526316,2.0
서울70사8908,11110537,2019-09-02 08:24:48,22,제2공학관,0.0,20190902080156,27,20190902083000,0.0,1.0,-0.736842105,1.0
서울70사8909,11110537,2019-09-02 08:28:38,5,낙성대공원.영어마을,67.0,20190902052605,7,20190902083000,-1.578947368,2.0,-1.368421053,2.0
서울70사8985,11110537,2019-09-02 08:29:57,6,서울과학전시관,39.0,20190902051307,6,20190902083000,-1.473684211,2.0,-1.473684211,2.0
서울70사9038,11110537,2019-09-02 08:29:00,26,노천강당,73.0,20190902071946,28,20190902083000,-0.631578947,1.0,-0.842105263,1.0
서울75사5004,11110537,2019-09-02 08:29:06,15,노천강당,9.0,20190902074253,16,20190902083000,-0.631578947,2.0,-0.526315789,2.0
서울75사5165,11110537,2019-09-02 08:28:29,25,교수회관입구,12.0,20190901172512,29,20190902083000,-0.526315789,1.0,-0.947368421,1.0
서울75사5294,11110537,2019-09-02 08:28:45,33,인헌아파트,10.0,20190902072059,34,20190902083000,-1.421052632,1.0,-1.473684211,1.0
서울75사5295,11110537,2019-09-02 08:29:13,19,신소재연구소,8.0,20190902080729,22,20190902083000,-0.210526316,2.0,0.0,1.0
서울75사8911,11110537,2019-09-02 08:27:22,19,신소재연구소,50.0,20190902073630,22,20190902083000,-0.210526316,2.0,0.0,1.0
서울70사9035,11110236,2019-09-02 08:37:38,39,봉천사거리.위버폴리스,2.0,20190902072013,54,20190902090000,0.5,-0.166666667,0.0,1.0
서울74사4678,11110236,2019-09-02 08:45:46,39,봉천사거리.위버폴리스,2.0,20190902073109,54,20190902090000,0.5,-0.166666667,0.0,1.0
서울74사4681,11110236,2019-09-02 08:54:51,39,봉천사거리.위버폴리스,9.0,20190902073749,42,20190902090000,0.5,-0.166666667,0.5,0.166666667
서울74사4682,11110236,2019-09-02 08:56:43,39,봉천사거리.위버폴리스,7.0,20190902074312,43,20190902090000,0.5,-0.166666667,0.5,0.333333333
서울74사2511,11110236,2019-09-02 08:52:42,12,서울여상.서울문영여중고앞,5.0,20190902083503,15,20190902090000,0.0,0.166666667,0.0,-0.166666667
서울74사2513,11110236,2019-09-02 08:58:31,10,서울대학교,6.0,20190902085151,13,20190902090000,0.0,0.6,0.0,0.0
서울74사4677,11110236,2019-09-02 08:50:17,44,서울대학교,1.0,20190902072508,54,20190902090000,0.5,0.6,0.0,1.0
서울74사4683,11110236,2019-09-02 08:59:33,38,봉원중학교.행운동우성아파트,17.0,20190902074724,39,20190902090000,0.5,-0.333333333,0.5,-0.166666667
서울74사4688,11110236,2019-09-02 08:59:46,34,상도1동주민센터.상도3차래미안,9.0,20190902075339,35,20190902090000,0.5,-1.0,0.5,-0.833333333
서울74사4696,11110236,2019-09-02 08:59:28,24,중앙대후문,10.0,20190902081307,24,20190902090000,0.0,-1.666666667,0.0,-1.666666667
서울74사4698,11110236,2019-09-02 08:59:49,23,상도SH빌아파트상도팰리스후문,9.0,20190902082138,24,20190902090000,0.0,-1.5,0.0,-1.666666667
서울74사8588,11110236,2019-09-02 08:56:42,26,중앙대학교,1.0,20190902080005,31,20190902090000,0.5,-1.666666667,0.5,-1.5
서울74사8589,11110236,2019-09-02 08:59:15,26,중앙대학교,0.0,20190902080621,26,20190902090000,0.5,-1.666666667,0.5,-1.666666667
서울75사8902,11110236,2019-09-02 08:58:59,15,봉천사거리.봉천중앙시장,9.0,20190902082549,16,20190902090000,0.0,-0.166666667,0.0,-0.333333333
서울70사9033,11110238,2019-09-02 08:51:34,16,관악푸르지오아파트,0.0,20190902082008,29,20190902090000,0.0,-0.5,0.5,-0.5
서울74사2073,11110238,2019-09-02 08:48:38,35,서울대학교치과병원.동물병원,3.0,20190902075305,44,20190902090000,0.0,0.333333333,0.0,1.0
서울74사6871,11110238,2019-09-02 08:58:00,34,서울여상.서울문영여중고앞,9.0,20190902080145,44,20190902090000,0.0,0.166666667,0.0,1.0
서울74사8525,11110238,2019-09-02 08:57:17,31,봉천사거리.위버폴리스,2.0,20190902080912,44,20190902090000,0.5,-0.166666667,0.0,1.0
서울74사8542,11110238,2019-09-02 08:49:26,12,관악구청,0.0,20190902082554,29,20190902090000,0.0,0.0,0.5,-0.5
서울75사1906,11110238,2019-09-02 08:59:54,12,관악구청,0.0,20190902083331,30,20190902090000,0.0,0.0,0.5,-0.333333333
서울74사8556,11110238,2019-09-02 08:55:54,11,서울여상.서울문영여중고앞,2.0,20190902084123,12,20190902090000,0.0,0.166666667,0.0,0.0
서울74사3709,11110241,2019-09-02 07:59:12,36,사육신공원,0.0,20190902065156,28,20190902090000,1.5,0.5,1.75,1.0
서울74사3772,11110241,2019-09-02 08:54:18,25,신림역2번출구,2.0,20190902081143,28,20190902090000,1.5,1.5,1.75,1.0
서울74사9741,11110241,2019-09-02 08:58:39,28,서울특별시.보라매병원,2.0,20190902080337,36,20190902090000,1.75,1.0,1.5,0.5
서울70사8904,11110537,2019-09-02 08:54:32,22,제2공학관,0.0,20190902083220,27,20190902090000,0.0,1.0,-0.736842105,1.0
서울75사5007,11110537,2019-09-02 08:59:17,22,제2공학관,0.0,20190902050354,28,20190902090000,0.0,1.0,-0.842105263,1.0
서울70사8905,11110537,2019-09-02 08:56:32,31,가족생활동,6.0,20190902055541,1,20190902090000,-1.157894737,1.0,-2.0,2.0
서울70사8906,11110537,2019-09-02 08:58:20,1,낙성대역,1.0,20190902085815,39,20190902090000,-2.0,2.0,-2.0,1.0
서울70사8909,11110537,2019-09-02 09:00:00,1,낙성대역,77.0,20190902052605,1,20190902090000,-2.0,2.0,-2.0,2.0
서울75사5004,11110537,2019-09-02 08:57:15,1,낙성대역,44.0,20190902085536,4,20190902090000,-2.0,2.0,-1.684210526,2.0
서울70사8907,11110537,2019-09-02 08:55:20,39,낙성대역,33.0,20190902055214,2,20190902090000,-2.0,1.0,-1.894736842,2.0
서울70사8909,11110537,2019-09-02 08:57:54,39,낙성대역,13.0,20190902052605,1,20190902090000,-2.0,1.0,-2.0,2.0
서울70사8908,11110537,2019-09-02 08:59:40,14,기숙사삼거리,28.0,20190902084706,15,20190902090000,-0.736842105,2.0,-0.631578947,2.0
서울70사9038,11110537,2019-09-02 08:59:40,14,기숙사삼거리,36.0,20190902071946,15,20190902090000,-0.736842105,2.0,-0.631578947,2.0
서울75사5165,11110537,2019-09-02 08:59:29,14,기숙사삼거리,38.0,20190901172512,19,20190902090000,-0.736842105,2.0,-0.210526316,2.0
서울70사8985,11110537,2019-09-02 08:58:08,37,인헌초등학교,5.0,20190902051307,1,20190902090000,-1.789473684,1.0,-2.0,2.0
서울70사9037,11110537,2019-09-02 08:59:13,30,BK국제관,8.0,20190902082320,31,20190902090000,-1.052631579,1.0,-1.157894737,1.0
서울75사5294,11110537,2019-09-02 08:58:50,18,에너지자원연구소,11.0,20190902083754,24,20190902090000,-0.315789474,2.0,-0.421052632,1.0
서울75사5295,11110537,2019-09-02 08:58:02,4,낙성대현대아파트,49.0,20190902084949,7,20190902090000,-1.684210526,2.0,-1.368421053,2.0
서울75사8911,11110537,2019-09-02 08:58:16,5,낙성대공원.영어마을,45.0,20190902073630,7,20190902090000,-1.578947368,2.0,-1.368421053,2.0
서울70사9034,11110236,2019-09-02 09:26:49,19,숭실대입구역,4.0,20190902085806,22,20190902093000,0.0,-0.833333333,0.0,-1.333333333
서울70사9035,11110236,2019-09-02 09:29:10,18,봉천고개.관악현대아파트,7.0,20190902090155,19,20190902093000,0.0,-0.666666667,0.0,-0.833333333
서울74사2511,11110236,2019-09-02 09:20:33,26,중앙대학교,0.0,20190902083503,31,20190902093000,0.5,-1.666666667,0.5,-1.5
서울74사2513,11110236,2019-09-02 09:29:11,23,상도SH빌아파트상도팰리스후문,26.0,20190902085151,24,20190902093000,0.0,-1.5,0.0,-1.666666667
서울74사4677,11110236,2019-09-02 09:25:09,15,봉천사거리.봉천중앙시장,5.0,20190902090331,18,20190902093000,0.0,-0.166666667,0.0,-0.666666667
서울74사4678,11110236,2019-09-02 09:24:45,13,관악구청,2.0,20190902090803,16,20190902093000,0.0,0.0,0.0,-0.333333333
서울74사4681,11110236,2019-09-02 09:28:28,11,서울대학교치과병원.동물병원,3.0,20190902092028,13,20190902093000,0.0,0.333333333,0.0,0.0
서울74사4688,11110236,2019-09-02 09:19:12,44,서울대학교,3.0,20190902075339,54,20190902093000,0.5,0.6,0.0,1.0
서울74사4696,11110236,2019-09-02 09:29:59,39,봉천사거리.위버폴리스,3.0,20190902081307,44,20190902093000,0.5,-0.166666667,0.5,0.6
서울74사4698,11110236,2019-09-02 09:29:30,38,봉원중학교.행운동우성아파트,2.0,20190902082138,39,20190902093000,0.5,-0.333333333,0.5,-0.166666667
서울74사8588,11110236,2019-09-02 09:25:11,41,관악경찰서.관악소방서,4.0,20190902080005,44,20190902093000,0.5,0.0,0.5,0.6
서울74사8589,11110236,2019-09-02 09:27:59,42,서울여상.서울문영여중고앞,2.0,20190902080621,54,20190902093000,0.5,0.166666667,0.0,1.0
서울75사8902,11110236,2019-09-02 09:29:08,31,상도SH빌아파트상도팰리스후문,6.0,20190902082549,32,20190902093000,0.5,-1.5,0.5,-1.333333333
서울70사9033,11110238,2019-09-02 09:22:58,36,서울대학교,5.0,20190902082008,44,20190902093000,0.0,0.6,0.0,1.0
서울74사6871,11110238,2019-09-02 09:19:29,10,서울대학교치과병원.동물병원,1.0,20190902091214,12,20190902093000,0.0,0.333333333,0.0,0.0
서울74사8525,11110238,2019-09-02 09:25:48,9,서울대학교,1.0,20190902091814,12,20190902093000,0.0,0.6,0.0,0.0
서울74사8542,11110238,2019-09-02 09:20:12,31,봉천사거리.위버폴리스,3.0,20190902082554,44,20190902093000,0.5,-0.166666667,0.0,1.0
서울74사8556,11110238,2019-09-02 09:27:16,31,봉천사거리.위버폴리스,3.0,20190902084123,35,20190902093000,0.5,-0.166666667,0.0,0.333333333
서울75사1906,11110238,2019-09-02 09:24:23,31,봉천사거리.위버폴리스,2.0,20190902083331,43,20190902093000,0.5,-0.166666667,0.5,1.0
서울74사3709,11110241,2019-09-02 07:59:12,36,사육신공원,0.0,20190902065156,28,20190902093000,1.5,0.5,1.75,1.0
서울74사9723,11110241,2019-09-02 09:29:58,25,신림역2번출구,1.0,20190902084409,28,20190902093000,1.5,1.5,1.75,1.0
서울70사8904,11110537,2019-09-02 09:29:07,15,노천강당,17.0,20190902091053,16,20190902093000,-0.631578947,2.0,-0.526315789,2.0
서울70사8905,11110537,2019-09-02 09:27:50,22,제2공학관,37.0,20190902055541,22,20190902093000,0.0,1.0,0.0,1.0
서울70사8985,11110537,2019-09-02 09:23:43,22,제2공학관,47.0,20190902051307,28,20190902093000,0.0,1.0,-0.842105263,1.0
서울70사9037,11110537,2019-09-02 09:28:43,22,제2공학관,0.0,20190902090710,26,20190902093000,0.0,1.0,-0.631578947,1.0
서울70사9038,11110537,2019-09-02 09:10:41,22,제2공학관,44.0,20190902071946,22,20190902093000,0.0,1.0,0.0,1.0
서울70사8906,11110537,2019-09-02 09:29:21,19,신소재연구소,8.0,20190902090749,22,20190902093000,-0.210526316,2.0,0.0,1.0
서울70사8907,11110537,2019-09-02 09:28:00,34,서울과학전시관,52.0,20190902055214,39,20190902093000,-1.473684211,1.0,-2.0,1.0
서울70사8908,11110537,2019-09-02 09:28:31,1,낙성대역,40.0,20190902092827,2,20190902093000,-2.0,2.0,-1.894736842,2.0
서울70사8909,11110537,2019-09-02 09:28:41,26,노천강당,68.0,20190902052605,28,20190902093000,-0.631578947,1.0,-0.842105263,1.0
서울75사5004,11110537,2019-09-02 09:27:15,28,대학원생활관,46.0,20190902085536,33,20190902093000,-0.842105263,1.0,-1.421052632,1.0
서울75사5295,11110537,2019-09-02 09:21:38,28,대학원생활관,1.0,20190902084949,39,20190902093000,-0.842105263,1.0,-2.0,1.0
서울75사5007,11110537,2019-09-02 09:29:59,13,대학원생활관,37.0,20190902050354,14,20190902093000,-0.842105263,2.0,-0.736842105,2.0
서울75사5165,11110537,2019-09-02 09:29:09,3,인헌초등학교,75.0,20190901172512,7,20190902093000,-1.789473684,2.0,-1.368421053,2.0
서울75사5294,11110537,2019-09-02 09:28:58,7,호암교수회관,48.0,20190902083754,7,20190902093000,-1.368421053,2.0,-1.368421053,2.0
서울75사8911,11110537,2019-09-02 09:28:33,39,낙성대역,41.0,20190902073630,39,20190902093000,-2.0,1.0,-2.0,1.0
서울70사9034,11110236,2019-09-02 09:55:22,38,봉원중학교.행운동우성아파트,1.0,20190902085806,54,20190902100000,0.5,-0.333333333,0.0,1.0
서울74사2513,11110236,2019-09-02 09:56:29,39,봉천사거리.위버폴리스,2.0,20190902085151,44,20190902100000,0.5,-0.166666667,0.5,0.6
서울74사4677,11110236,2019-09-02 09:59:56,37,성현동동아아파트,6.0,20190902090331,38,20190902100000,0.5,-0.5,0.5,-0.333333333
서울74사4678,11110236,2019-09-02 09:59:05,32,상도3차삼성래미안후문,8.0,20190902090803,34,20190902100000,0.5,-1.333333333,0.5,-1.0
서울74사4681,11110236,2019-09-02 09:57:54,24,중앙대후문,10.0,20190902092028,26,20190902100000,0.0,-1.666666667,0.5,-1.666666667
서울74사4682,11110236,2019-09-02 09:59:12,23,상도SH빌아파트상도팰리스후문,9.0,20190902092417,24,20190902100000,0.0,-1.5,0.0,-1.666666667
서울74사4683,11110236,2019-09-02 09:59:27,19,숭실대입구역,9.0,20190902092719,23,20190902100000,0.0,-0.833333333,0.0,-1.5
서울74사4688,11110236,2019-09-02 09:55:51,13,관악구청,6.0,20190902093515,15,20190902100000,0.0,0.0,0.0,-0.166666667
서울74사4696,11110236,2019-09-02 09:59:31,11,서울대학교치과병원.동물병원,2.0,20190902095142,13,20190902100000,0.0,0.333333333,0.0,0.0
서울74사8589,11110236,2019-09-02 09:56:28,11,서울대학교치과병원.동물병원,4.0,20190902094539,13,20190902100000,0.0,0.333333333,0.0,0.0
서울74사8588,11110236,2019-09-02 09:51:23,10,서울대학교,3.0,20190902094339,13,20190902100000,0.0,0.6,0.0,0.0
서울75사8902,11110236,2019-09-02 09:51:02,44,서울대학교,3.0,20190902082549,53,20190902100000,0.5,0.6,0.5,1.0
서울70사9033,11110238,2019-09-02 09:56:13,12,관악구청,2.0,20190902093522,16,20190902100000,0.0,0.0,0.0,-0.5
서울74사8542,11110238,2019-09-02 09:59:47,12,관악구청,1.0,20190902093947,14,20190902100000,0.0,0.0,0.0,-0.166666667
서울74사2073,11110238,2019-09-02 09:57:28,36,서울대학교,7.0,20190902090335,43,20190902100000,0.0,0.6,0.5,1.0
서울74사6871,11110238,2019-09-02 09:53:20,31,봉천사거리.위버폴리스,5.0,20190902091214,34,20190902100000,0.5,-0.166666667,0.0,0.166666667
서울75사1906,11110238,2019-09-02 09:57:32,11,서울여상.서울문영여중고앞,1.0,20190902094408,12,20190902100000,0.0,0.166666667,0.0,0.0
서울74사3704,11110241,2019-09-02 09:51:30,28,서울특별시.보라매병원,1.0,20190902090233,36,20190902100000,1.75,1.0,1.5,0.5
서울74사3709,11110241,2019-09-02 07:59:12,36,사육신공원,0.0,20190902065156,28,20190902100000,1.5,0.5,1.75,1.0
서울70사8904,11110537,2019-09-02 09:59:45,1,낙성대역,8.0,20190902095630,1,20190902100000,-2.0,2.0,-2.0,2.0
서울70사8906,11110537,2019-09-02 09:55:33,1,낙성대역,35.0,20190902095448,2,20190902100000,-2.0,2.0,-1.894736842,2.0
서울70사8905,11110537,2019-09-02 09:59:56,7,호암교수회관,33.0,20190902055541,7,20190902100000,-1.368421053,2.0,-1.368421053,2.0
서울70사8907,11110537,2019-09-02 09:58:34,22,제2공학관,0.0,20190902055214,26,20190902100000,0.0,1.0,-0.631578947,1.0
서울70사8908,11110537,2019-09-02 09:49:18,22,제2공학관,0.0,20190902092827,33,20190902100000,0.0,1.0,-1.421052632,1.0
서울70사9038,11110537,2019-09-02 09:43:11,22,제2공학관,0.0,20190902071946,22,20190902100000,0.0,1.0,0.0,1.0
서울75사5295,11110537,2019-09-02 09:53:39,22,제2공학관,0.0,20190902093056,23,20190902100000,0.0,1.0,-0.315789474,1.0
서울75사8911,11110537,2019-09-02 09:50:28,22,제2공학관,0.0,20190902073630,39,20190902100000,0.0,1.0,-2.0,1.0
서울70사8909,11110537,2019-09-02 09:59:08,18,에너지자원연구소,10.0,20190902052605,27,20190902100000,-0.315789474,2.0,-0.736842105,1.0
서울70사8985,11110537,2019-09-02 09:58:17,15,노천강당,16.0,20190902051307,19,20190902100000,-0.631578947,2.0,-0.210526316,2.0
서울70사9037,11110537,2019-09-02 09:59:52,3,인헌초등학교,38.0,20190902094837,3,20190902100000,-1.789473684,2.0,-1.789473684,2.0
서울75사5004,11110537,2019-09-02 09:59:38,20,제2파워플랜트,4.0,20190902085536,22,20190902100000,-0.1,2.0,0.0,1.0
서울75사5007,11110537,2019-09-02 09:59:45,38,낙성대입구,3.0,20190902050354,39,20190902100000,-1.894736842,1.0,-2.0,1.0
서울75사5165,11110537,2019-09-02 09:56:22,24,유전공학연구소.반도체공동연구소,1.0,20190901172512,29,20190902100000,-0.421052632,1.0,-0.947368421,1.0
서울74사2511,11110236,2019-09-02 10:29:23,15,봉천사거리.봉천중앙시장,1.0,20190902100837,16,20190902103000,0.0,-0.166666667,0.0,-0.333333333
서울74사2513,11110236,2019-09-02 10:25:18,10,서울대학교,1.0,20190902101849,13,20190902103000,0.0,0.6,0.0,0.0
서울74사4681,11110236,2019-09-02 10:28:28,38,봉원중학교.행운동우성아파트,3.0,20190902092028,39,20190902103000,0.5,-0.333333333,0.5,-0.166666667
서울74사4682,11110236,2019-09-02 10:29:53,39,봉천사거리.위버폴리스,10.0,20190902092417,44,20190902103000,0.5,-0.166666667,0.5,0.6
서울74사4683,11110236,2019-09-02 10:27:28,36,봉현초등학교,2.0,20190902092719,38,20190902103000,0.5,-0.75,0.5,-0.333333333
서울74사4688,11110236,2019-09-02 10:21:00,26,중앙대학교,4.0,20190902093515,31,20190902103000,0.5,-1.666666667,0.5,-1.5
서울74사8588,11110236,2019-09-02 10:27:05,26,중앙대학교,0.0,20190902094339,32,20190902103000,0.5,-1.666666667,0.5,-1.333333333
서울74사8589,11110236,2019-09-02 10:27:38,26,중앙대학교,0.0,20190902094539,34,20190902103000,0.5,-1.666666667,0.5,-1.0
서울74사4696,11110236,2019-09-02 10:26:39,24,중앙대후문,2.0,20190902095142,26,20190902103000,0.0,-1.666666667,0.5,-1.666666667
서울74사4698,11110236,2019-09-02 10:27:52,19,숭실대입구역,8.0,20190902095535,20,20190902103000,0.0,-0.833333333,0.0,-1.0
서울75사8902,11110236,2019-09-02 10:29:34,19,숭실대입구역,2.0,20190902100233,21,20190902103000,0.0,-0.833333333,0.0,-1.166666667
서울70사9033,11110238,2019-09-02 10:24:38,31,봉천사거리.위버폴리스,7.0,20190902093522,33,20190902103000,0.5,-0.166666667,0.0,0.0
서울74사8542,11110238,2019-09-02 10:24:48,31,봉천사거리.위버폴리스,5.0,20190902093947,44,20190902103000,0.5,-0.166666667,0.0,1.0
서울74사2073,11110238,2019-09-02 10:24:21,12,관악구청,1.0,20190902100843,22,20190902103000,0.0,0.0,0.25,-0.5
서울74사6871,11110238,2019-09-02 10:27:11,12,관악구청,1.0,20190902101316,14,20190902103000,0.0,0.0,0.0,-0.166666667
서울74사8525,11110238,2019-09-02 10:28:54,9,서울대학교,1.0,20190902102043,12,20190902103000,0.0,0.6,0.0,0.0
서울74사8556,11110238,2019-09-02 10:23:14,22,벽산블루밍아파트종점,0.0,20190902094952,30,20190902103000,0.25,-0.5,0.5,-0.333333333
서울74사8557,11110238,2019-09-02 10:18:59,14,봉천사거리.봉천중앙시장,0.0,20190902095424,29,20190902103000,0.0,-0.166666667,0.5,-0.5
서울75사1906,11110238,2019-09-02 10:28:20,30,봉원중학교.행운동우성아파트,3.0,20190902094408,31,20190902103000,0.5,-0.333333333,0.5,-0.166666667
서울74사3738,11110241,2019-09-02 10:23:12,16,서울대본부앞,1.0,20190902100754,25,20190902103000,1.0,1.5,1.5,1.5
서울74사8579,11110241,2019-09-02 10:24:53,25,신림역2번출구,2.0,20190902095202,28,20190902103000,1.5,1.5,1.75,1.0
서울70사8904,11110537,2019-09-02 10:23:50,22,제2공학관,0.0,20190902095630,26,20190902103000,0.0,1.0,-0.631578947,1.0
서울70사8906,11110537,2019-09-02 10:28:48,22,제2공학관,1.0,20190902095448,23,20190902103000,0.0,1.0,-0.315789474,1.0
서울70사9037,11110537,2019-09-02 10:24:56,22,제2공학관,1.0,20190902094837,24,20190902103000,0.0,1.0,-0.421052632,1.0
서울70사9038,11110537,2019-09-02 10:06:32,22,제2공학관,11.0,20190902071946,22,20190902103000,0.0,1.0,0.0,1.0
서울75사5294,11110537,2019-09-02 10:29:48,22,제2공학관,0.0,20190902100428,22,20190902103000,0.0,1.0,0.0,1.0
서울75사8911,11110537,2019-09-02 09:50:28,22,제2공학관,0.0,20190902073630,39,20190902103000,0.0,1.0,-2.0,1.0
서울70사8905,11110537,2019-09-02 10:29:43,31,가족생활동,37.0,20190902055541,33,20190902103000,-1.157894737,1.0,-1.421052632,1.0
서울70사8906,11110537,2019-09-02 10:30:00,23,제1공학관,0.0,20190902095448,26,20190902103000,-0.315789474,1.0,-0.631578947,1.0
서울70사8907,11110537,2019-09-02 10:29:08,3,인헌초등학교,49.0,20190902055214,5,20190902103000,-1.789473684,2.0,-1.578947368,2.0
서울70사8908,11110537,2019-09-02 10:29:15,14,기숙사삼거리,30.0,20190902101239,15,20190902103000,-0.736842105,2.0,-0.631578947,2.0
서울70사8909,11110537,2019-09-02 10:28:16,1,낙성대역,58.0,20190902052605,2,20190902103000,-2.0,2.0,-1.894736842,2.0
서울75사5004,11110537,2019-09-02 10:25:32,1,낙성대역,29.0,20190902102444,2,20190902103000,-2.0,2.0,-1.894736842,2.0
서울70사8985,11110537,2019-09-02 10:29:10,34,서울과학전시관,19.0,20190902051307,39,20190902103000,-1.473684211,1.0,-2.0,1.0
서울75사5165,11110537,2019-09-02 10:29:16,16,공동기기원,18.0,20190901172512,18,20190902103000,-0.526315789,2.0,-0.315789474,2.0
서울75사5295,11110537,2019-09-02 10:28:30,7,호암교수회관,34.0,20190902101702,7,20190902103000,-1.368421053,2.0,-1.368421053,2.0
서울70사9034,11110236,2019-09-02 10:57:53,26,중앙대학교,0.0,20190902102038,32,20190902110000,0.5,-1.666666667,0.5,-1.333333333
서울70사9035,11110236,2019-09-02 10:58:52,26,중앙대학교,1.0,20190902102303,31,20190902110000,0.5,-1.666666667,0.5,-1.5
서울74사2513,11110236,2019-09-02 10:55:41,26,중앙대학교,3.0,20190902101849,34,20190902110000,0.5,-1.666666667,0.5,-1.0
서울74사2511,11110236,2019-09-02 10:58:44,34,상도1동주민센터.상도3차래미안,6.0,20190902100837,35,20190902110000,0.5,-1.0,0.5,-0.833333333
서울74사4677,11110236,2019-09-02 10:59:36,21,래미안상도3차중문,11.0,20190902102809,22,20190902110000,0.0,-1.166666667,0.0,-1.333333333
서울74사4678,11110236,2019-09-02 10:55:34,15,봉천사거리.봉천중앙시장,3.0,20190902103256,19,20190902110000,0.0,-0.166666667,0.0,-0.833333333
서울74사4681,11110236,2019-09-02 11:00:00,10,서울대학교,1.0,20190902105318,13,20190902110000,0.0,0.6,0.0,0.0
서울74사4688,11110236,2019-09-02 10:53:55,44,서울대학교,3.0,20190902093515,54,20190902110000,0.5,0.6,0.0,1.0
서울74사4696,11110236,2019-09-02 10:58:01,44,서울대학교,2.0,20190902095142,54,20190902110000,0.5,0.6,0.0,1.0
서울74사4698,11110236,2019-09-02 10:55:15,39,봉천사거리.위버폴리스,1.0,20190902095535,44,20190902110000,0.5,-0.166666667,0.5,0.6
서울75사8902,11110236,2019-09-02 10:58:14,39,봉천사거리.위버폴리스,1.0,20190902100233,41,20190902110000,0.5,-0.166666667,0.5,0.0
서울74사8588,11110236,2019-09-02 10:51:16,43,서울대학교치과병원.동물병원,2.0,20190902094339,54,20190902110000,0.5,0.333333333,0.0,1.0
서울70사9033,11110238,2019-09-02 10:58:50,12,관악구청,0.0,20190902104407,14,20190902110000,0.0,0.0,0.0,-0.166666667
서울74사2073,11110238,2019-09-02 10:45:41,31,봉천사거리.위버폴리스,5.0,20190902100843,43,20190902110000,0.5,-0.166666667,0.5,1.0
서울74사8542,11110238,2019-09-02 10:57:12,9,서울대학교,1.0,20190902104854,12,20190902110000,0.0,0.6,0.0,0.0
서울75사1320,11110241,2019-09-02 10:53:16,25,신림역2번출구,1.0,20190902102318,28,20190902110000,1.5,1.5,1.75,1.0
서울70사8904,11110537,2019-09-02 10:54:12,1,낙성대역,24.0,20190902105147,1,20190902110000,-2.0,2.0,-2.0,2.0
서울70사8905,11110537,2019-09-02 10:59:20,19,신소재연구소,16.0,20190902055541,22,20190902110000,-0.210526316,2.0,0.0,1.0
서울75사8911,11110537,2019-09-02 10:59:50,19,신소재연구소,18.0,20190902073630,21,20190902110000,-0.210526316,2.0,0.0,2.0
서울70사8906,11110537,2019-09-02 10:57:08,3,인헌초등학교,34.0,20190902095448,9,20190902110000,-1.789473684,2.0,-1.2,2.0
서울70사8907,11110537,2019-09-02 10:59:23,29,학부생활관,6.0,20190902055214,30,20190902110000,-0.947368421,1.0,-1.052631579,1.0
서울70사8908,11110537,2019-09-02 10:37:43,22,제2공학관,0.0,20190902101239,22,20190902110000,0.0,1.0,0.0,1.0
서울70사8909,11110537,2019-09-02 10:53:05,22,제2공학관,0.0,20190902052605,24,20190902110000,0.0,1.0,-0.421052632,1.0
서울70사8985,11110537,2019-09-02 10:57:04,22,제2공학관,1.0,20190902051307,26,20190902110000,0.0,1.0,-0.631578947,1.0
서울75사5004,11110537,2019-09-02 10:45:38,22,제2공학관,0.0,20190902102444,22,20190902110000,0.0,1.0,0.0,1.0
서울75사5294,11110537,2019-09-02 10:29:48,22,제2공학관,0.0,20190902100428,22,20190902110000,0.0,1.0,0.0,1.0
서울70사9037,11110537,2019-09-02 10:59:59,14,기숙사삼거리,44.0,20190902104503,14,20190902110000,-0.736842105,2.0,-0.736842105,2.0
서울75사5007,11110537,2019-09-02 10:59:57,38,낙성대입구,8.0,20190902103821,39,20190902110000,-1.894736842,1.0,-2.0,1.0
서울75사5165,11110537,2019-09-02 10:57:10,33,인헌아파트,6.0,20190901172512,38,20190902110000,-1.421052632,1.0,-1.894736842,1.0
서울70사9034,11110236,2019-09-02 11:26:40,44,서울대학교,1.0,20190902102038,54,20190902113000,0.5,0.6,0.0,1.0
서울74사2513,11110236,2019-09-02 11:26:32,44,서울대학교,1.0,20190902101849,54,20190902113000,0.5,0.6,0.0,1.0
서울70사9035,11110236,2019-09-02 11:26:01,41,관악경찰서.관악소방서,1.0,20190902102303,54,20190902113000,0.5,0.0,0.0,1.0
서울74사4678,11110236,2019-09-02 11:27:05,37,성현동동아아파트,1.0,20190902103256,39,20190902113000,0.5,-0.5,0.5,-0.166666667
서울74사4681,11110236,2019-09-02 11:26:24,24,중앙대후문,8.0,20190902105318,26,20190902113000,0.0,-1.666666667,0.5,-1.666666667
서울74사4682,11110236,2019-09-02 11:29:32,22,상도3차삼성래미안후문,5.0,20190902105732,24,20190902113000,0.0,-1.333333333,0.0,-1.666666667
서울74사4683,11110236,2019-09-02 11:29:28,20,상도1동주민센터.상도3차래미안,4.0,20190902110100,23,20190902113000,0.0,-1.0,0.0,-1.5
서울74사4688,11110236,2019-09-02 11:28:33,18,봉천고개.관악현대아파트,3.0,20190902110543,19,20190902113000,0.0,-0.666666667,0.0,-0.833333333
서울74사4696,11110236,2019-09-02 11:29:57,15,봉천사거리.봉천중앙시장,5.0,20190902111123,16,20190902113000,0.0,-0.166666667,0.0,-0.333333333
서울74사8588,11110236,2019-09-02 11:25:58,15,봉천사거리.봉천중앙시장,2.0,20190902110654,23,20190902113000,0.0,-0.166666667,0.0,-1.5
서울74사8589,11110236,2019-09-02 11:27:40,16,봉원중학교.행운동우성아파트,4.0,20190902110851,18,20190902113000,0.0,-0.333333333,0.0,-0.666666667
서울75사8902,11110236,2019-09-02 11:28:13,11,서울대학교치과병원.동물병원,1.0,20190902112039,13,20190902113000,0.0,0.333333333,0.0,0.0
서울74사8542,11110238,2019-09-02 11:14:24,16,관악푸르지오아파트,0.0,20190902104854,30,20190902113000,0.0,-0.5,0.5,-0.333333333
서울75사1906,11110238,2019-09-02 11:18:52,15,봉원중학교.행운동우성아파트,0.0,20190902105403,30,20190902113000,0.0,-0.333333333,0.5,-0.333333333
서울74사3774,11110241,2019-09-02 11:27:46,16,서울대본부앞,1.0,20190902111134,25,20190902113000,1.0,1.5,1.5,1.5
서울70사8904,11110537,2019-09-02 11:27:36,22,제2공학관,1.0,20190902105147,23,20190902113000,0.0,1.0,-0.315789474,1.0
서울70사8906,11110537,2019-09-02 11:16:03,22,제2공학관,0.0,20190902095448,26,20190902113000,0.0,1.0,-0.631578947,1.0
서울70사8908,11110537,2019-09-02 11:22:49,22,제2공학관,8.0,20190902101239,24,20190902113000,0.0,1.0,-0.421052632,1.0
서울70사8909,11110537,2019-09-02 10:53:05,22,제2공학관,0.0,20190902052605,24,20190902113000,0.0,1.0,-0.421052632,1.0
서울75사5004,11110537,2019-09-02 10:45:38,22,제2공학관,0.0,20190902102444,22,20190902113000,0.0,1.0,0.0,1.0
서울75사5007,11110537,2019-09-02 11:27:19,22,제2공학관,0.0,20190902103821,22,20190902113000,0.0,1.0,0.0,1.0
서울75사5294,11110537,2019-09-02 10:29:48,22,제2공학관,0.0,20190902100428,22,20190902113000,0.0,1.0,0.0,1.0
서울70사8905,11110537,2019-09-02 11:26:12,1,낙성대역,43.0,20190902055541,2,20190902113000,-2.0,2.0,-1.894736842,2.0
서울70사8907,11110537,2019-09-02 11:29:09,11,서울대후문.연구공원,32.0,20190902055214,12,20190902113000,-1.052631579,2.0,-0.947368421,2.0
서울70사8985,11110537,2019-09-02 11:29:56,3,인헌초등학교,32.0,20190902051307,4,20190902113000,-1.789473684,2.0,-1.684210526,2.0
서울70사9037,11110537,2019-09-02 11:29:22,33,인헌아파트,16.0,20190902104503,34,20190902113000,-1.421052632,1.0,-1.473684211,1.0
서울75사8911,11110537,2019-09-02 11:29:03,39,낙성대역,17.0,20190902073630,39,20190902113000,-2.0,1.0,-2.0,1.0
서울70사9034,11110236,2019-09-02 11:58:21,15,봉천사거리.봉천중앙시장,1.0,20190902114151,16,20190902120000,0.0,-0.166666667,0.0,-0.333333333
서울74사2513,11110236,2019-09-02 11:56:16,15,봉천사거리.봉천중앙시장,5.0,20190902114114,18,20190902120000,0.0,-0.166666667,0.0,-0.666666667
서울70사9035,11110236,2019-09-02 11:50:35,10,서울대학교,1.0,20190902114323,16,20190902120000,0.0,0.6,0.0,-0.333333333
서울74사2511,11110236,2019-09-02 11:57:22,24,중앙대후문,5.0,20190902113022,26,20190902120000,0.0,-1.666666667,0.5,-1.666666667
서울74사4677,11110236,2019-09-02 11:58:04,11,서울대학교치과병원.동물병원,1.0,20190902114949,13,20190902120000,0.0,0.333333333,0.0,0.0
서울74사4688,11110236,2019-09-02 11:59:19,39,봉천사거리.위버폴리스,2.0,20190902110543,39,20190902120000,0.5,-0.166666667,0.5,-0.166666667
서울74사4696,11110236,2019-09-02 11:59:25,36,봉현초등학교,3.0,20190902111123,38,20190902120000,0.5,-0.75,0.5,-0.333333333
서울74사4698,11110236,2019-09-02 11:59:35,34,상도1동주민센터.상도3차래미안,2.0,20190902111320,35,20190902120000,0.5,-1.0,0.5,-0.833333333
서울74사8588,11110236,2019-09-02 11:57:26,37,성현동동아아파트,1.0,20190902110654,39,20190902120000,0.5,-0.5,0.5,-0.166666667
서울74사8589,11110236,2019-09-02 11:59:08,37,성현동동아아파트,1.0,20190902110851,39,20190902120000,0.5,-0.5,0.5,-0.166666667
서울75사8902,11110236,2019-09-02 11:52:06,26,중앙대학교,1.0,20190902112039,32,20190902120000,0.5,-1.666666667,0.5,-1.333333333
서울70사9033,11110238,2019-09-02 11:59:38,10,서울대학교치과병원.동물병원,1.0,20190902115102,11,20190902120000,0.0,0.333333333,0.0,0.166666667
서울74사2073,11110238,2019-09-02 11:58:25,36,서울대학교,1.0,20190902111401,44,20190902120000,0.0,0.6,0.0,1.0
서울74사6871,11110238,2019-09-02 11:37:55,12,관악구청,0.0,20190902112638,29,20190902120000,0.0,0.0,0.5,-0.5
서울74사8525,11110238,2019-09-02 11:57:51,16,관악푸르지오아파트,0.0,20190902113822,31,20190902120000,0.0,-0.5,0.5,-0.166666667
서울74사3732,11110241,2019-09-02 11:46:31,28,서울특별시.보라매병원,1.0,20190902110441,37,20190902120000,1.75,1.0,1.25,0.5
서울74사3733,11110241,2019-09-02 11:57:29,28,서울특별시.보라매병원,0.0,20190902111908,36,20190902120000,1.75,1.0,1.5,0.5
서울75사1318,11110241,2019-09-02 11:49:53,16,서울대본부앞,1.0,20190902113520,25,20190902120000,1.0,1.5,1.5,1.5
서울70사8904,11110537,2019-09-02 11:56:23,1,낙성대역,28.0,20190902115500,1,20190902120000,-2.0,2.0,-2.0,2.0
서울70사8905,11110537,2019-09-02 11:52:22,22,제2공학관,1.0,20190902055541,23,20190902120000,0.0,1.0,-0.315789474,1.0
서울70사8985,11110537,2019-09-02 11:48:45,22,제2공학관,0.0,20190902051307,26,20190902120000,0.0,1.0,-0.631578947,1.0
서울75사5004,11110537,2019-09-02 10:45:38,22,제2공학관,0.0,20190902102444,22,20190902120000,0.0,1.0,0.0,1.0
서울75사5294,11110537,2019-09-02 10:29:48,22,제2공학관,0.0,20190902100428,22,20190902120000,0.0,1.0,0.0,1.0
서울75사8911,11110537,2019-09-02 11:59:58,22,제2공학관,0.0,20190902073630,22,20190902120000,0.0,1.0,0.0,1.0
서울70사8906,11110537,2019-09-02 11:59:59,12,학부생활관,23.0,20190902114119,13,20190902120000,-0.947368421,2.0,-0.842105263,2.0
서울70사8908,11110537,2019-09-02 11:59:25,3,인헌초등학교,30.0,20190902114833,11,20190902120000,-1.789473684,2.0,-1.052631579,2.0
서울70사8909,11110537,2019-09-02 11:59:12,39,낙성대역,0.0,20190902052605,39,20190902120000,-2.0,1.0,-2.0,1.0
서울70사9037,11110537,2019-09-02 11:59:51,16,공동기기원,5.0,20190902113604,17,20190902120000,-0.526315789,2.0,-0.421052632,2.0
서울75사5007,11110537,2019-09-02 11:59:23,30,BK국제관,17.0,20190902103821,34,20190902120000,-1.052631579,1.0,-1.473684211,1.0
서울74사2511,11110236,2019-09-02 12:29:24,44,서울대학교,1.0,20190902113022,54,20190902123000,0.5,0.6,0.0,1.0
서울74사2513,11110236,2019-09-02 12:29:24,36,봉현초등학교,6.0,20190902114114,38,20190902123000,0.5,-0.75,0.5,-0.333333333
서울74사4677,11110236,2019-09-02 12:22:08,26,중앙대학교,1.0,20190902114949,33,20190902123000,0.5,-1.666666667,0.5,-1.166666667
서울74사4678,11110236,2019-09-02 12:29:59,26,중앙대학교,0.0,20190902115723,32,20190902123000,0.5,-1.666666667,0.5,-1.333333333
서울74사4681,11110236,2019-09-02 12:27:19,16,봉원중학교.행운동우성아파트,5.0,20190902120920,18,20190902123000,0.0,-0.333333333,0.0,-0.666666667
서울74사4682,11110236,2019-09-02 12:26:49,13,관악구청,1.0,20190902121517,15,20190902123000,0.0,0.0,0.0,-0.166666667
서울70사9033,11110238,2019-09-02 12:23:59,31,봉천사거리.위버폴리스,2.0,20190902115102,36,20190902123000,0.5,-0.166666667,0.0,0.6
서울75사1906,11110238,2019-09-02 12:27:17,12,관악구청,1.0,20190902121556,15,20190902123000,0.0,0.0,0.0,-0.333333333
서울74사3704,11110241,2019-09-02 12:12:38,25,신림역2번출구,1.0,20190902114256,36,20190902123000,1.5,1.5,1.5,0.5
서울74사3775,11110241,2019-09-02 12:28:20,25,신림역2번출구,1.0,20190902115628,40,20190902123000,1.5,1.5,0.7,0.5
서울74사3709,11110241,2019-09-02 12:24:59,28,서울특별시.보라매병원,1.0,20190902114954,36,20190902123000,1.75,1.0,1.5,0.5
서울70사8904,11110537,2019-09-02 12:29:01,22,제2공학관,2.0,20190902115500,26,20190902123000,0.0,1.0,-0.631578947,1.0
서울70사8909,11110537,2019-09-02 12:27:57,22,제2공학관,17.0,20190902052605,22,20190902123000,0.0,1.0,0.0,1.0
서울75사5004,11110537,2019-09-02 10:45:38,22,제2공학관,0.0,20190902102444,22,20190902123000,0.0,1.0,0.0,1.0
서울75사5294,11110537,2019-09-02 10:29:48,22,제2공학관,0.0,20190902100428,22,20190902123000,0.0,1.0,0.0,1.0
서울70사8905,11110537,2019-09-02 12:29:09,3,인헌초등학교,29.0,20190902055541,8,20190902123000,-1.789473684,2.0,-1.421052632,2.0
서울70사8906,11110537,2019-09-02 12:28:22,33,인헌아파트,5.0,20190902114119,35,20190902123000,-1.421052632,1.0,-1.578947368,1.0
서울70사8907,11110537,2019-09-02 12:29:09,23,제1공학관,4.0,20190902121613,26,20190902123000,-0.315789474,1.0,-0.631578947,1.0
서울70사8908,11110537,2019-09-02 12:29:27,27,관악사삼거리,15.0,20190902114833,28,20190902123000,-0.736842105,1.0,-0.842105263,1.0
서울70사8985,11110537,2019-09-02 12:29:21,9,호암교수회관,30.0,20190902051307,10,20190902123000,-1.2,2.0,-1.157894737,2.0
서울75사5007,11110537,2019-09-02 12:28:55,15,노천강당,29.0,20190902103821,17,20190902123000,-0.631578947,2.0,-0.421052632,2.0
서울75사8911,11110537,2019-09-02 12:29:36,1,낙성대역,20.0,20190902073630,2,20190902123000,-2.0,2.0,-1.894736842,2.0
서울74사4677,11110236,2019-09-02 12:55:17,44,서울대학교,2.0,20190902114949,54,20190902130000,0.5,0.6,0.0,1.0
서울74사4678,11110236,2019-09-02 12:50:59,38,봉원중학교.행운동우성아파트,1.0,20190902115723,54,20190902130000,0.5,-0.333333333,0.0,1.0
서울74사4681,11110236,2019-09-02 12:59:56,38,봉원중학교.행운동우성아파트,1.0,20190902120920,38,20190902130000,0.5,-0.333333333,0.5,-0.333333333
서울74사4682,11110236,2019-09-02 12:58:49,32,상도3차삼성래미안후문,2.0,20190902121517,34,20190902130000,0.5,-1.333333333,0.5,-1.0
서울74사4683,11110236,2019-09-02 12:56:36,26,중앙대학교,2.0,20190902122021,31,20190902130000,0.5,-1.666666667,0.5,-1.5
서울74사4688,11110236,2019-09-02 12:57:58,24,중앙대후문,3.0,20190902122726,26,20190902130000,0.0,-1.666666667,0.5,-1.666666667
서울74사4696,11110236,2019-09-02 12:58:26,10,서울대학교,2.0,20190902125002,13,20190902130000,0.0,0.6,0.0,0.0
서울74사8588,11110236,2019-09-02 12:59:39,20,상도1동주민센터.상도3차래미안,1.0,20190902123558,21,20190902130000,0.0,-1.0,0.0,-1.166666667
서울74사8589,11110236,2019-09-02 12:59:11,15,봉천사거리.봉천중앙시장,9.0,20190902124301,18,20190902130000,0.0,-0.166666667,0.0,-0.666666667
서울74사8556,11110238,2019-09-02 12:54:09,22,벽산블루밍아파트종점,0.0,20190902122704,29,20190902130000,0.25,-0.5,0.5,-0.5
서울74사8557,11110238,2019-09-02 12:58:18,15,봉원중학교.행운동우성아파트,3.0,20190902123915,22,20190902130000,0.0,-0.333333333,0.25,-0.5
서울74사3709,11110241,2019-09-02 12:51:08,40,노량진역,0.0,20190902114954,64,20190902130000,0.7,0.5,0.5,1.0
서울70사8904,11110537,2019-09-02 12:59:19,4,낙성대현대아파트,24.0,20190902115500,9,20190902130000,-1.684210526,2.0,-1.2,2.0
서울70사8905,11110537,2019-09-02 12:58:44,26,노천강당,5.0,20190902055541,29,20190902130000,-0.631578947,1.0,-0.947368421,1.0
서울70사8906,11110537,2019-09-02 12:57:16,18,에너지자원연구소,5.0,20190902123506,22,20190902130000,-0.315789474,2.0,0.0,1.0
서울70사8907,11110537,2019-09-02 12:59:02,9,호암교수회관,29.0,20190902121613,11,20190902130000,-1.2,2.0,-1.052631579,2.0
서울70사8908,11110537,2019-09-02 12:58:58,15,노천강당,10.0,20190902124144,16,20190902130000,-0.631578947,2.0,-0.526315789,2.0
서울70사8909,11110537,2019-09-02 12:55:08,39,낙성대역,17.0,20190902052605,1,20190902130000,-2.0,1.0,-2.0,2.0
서울75사5007,11110537,2019-09-02 12:59:44,39,낙성대역,6.0,20190902103821,39,20190902130000,-2.0,1.0,-2.0,1.0
서울70사8985,11110537,2019-09-02 12:59:21,33,인헌아파트,10.0,20190902051307,35,20190902130000,-1.421052632,1.0,-1.578947368,1.0
서울70사9037,11110537,2019-09-02 12:57:02,22,제2공학관,1.0,20190902122957,25,20190902130000,0.0,1.0,-0.526315789,1.0
서울75사5004,11110537,2019-09-02 10:45:38,22,제2공학관,0.0,20190902102444,22,20190902130000,0.0,1.0,0.0,1.0
서울75사5294,11110537,2019-09-02 10:29:48,22,제2공학관,0.0,20190902100428,22,20190902130000,0.0,1.0,0.0,1.0
서울75사8911,11110537,2019-09-02 12:51:09,22,제2공학관,0.0,20190902073630,22,20190902130000,0.0,1.0,0.0,1.0
서울74사2511,11110236,2019-09-02 13:28:35,13,관악구청,2.0,20190902131345,15,20190902133000,0.0,0.0,0.0,-0.166666667
서울74사4688,11110236,2019-09-02 13:26:56,39,봉천사거리.위버폴리스,1.0,20190902122726,54,20190902133000,0.5,-0.166666667,0.0,1.0
서울74사4696,11110236,2019-09-02 13:24:05,26,중앙대학교,2.0,20190902125002,31,20190902133000,0.5,-1.666666667,0.5,-1.5
서울74사4698,11110236,2019-09-02 13:29:28,24,중앙대후문,6.0,20190902125638,26,20190902133000,0.0,-1.666666667,0.5,-1.666666667
서울74사8588,11110236,2019-09-02 13:29:59,38,봉원중학교.행운동우성아파트,4.0,20190902123558,38,20190902133000,0.5,-0.333333333,0.5,-0.333333333
서울74사8589,11110236,2019-09-02 13:29:55,34,상도1동주민센터.상도3차래미안,3.0,20190902124301,35,20190902133000,0.5,-1.0,0.5,-0.833333333
서울75사8902,11110236,2019-09-02 13:27:09,16,봉원중학교.행운동우성아파트,11.0,20190902130615,18,20190902133000,0.0,-0.333333333,0.0,-0.666666667
서울74사2073,11110238,2019-09-02 13:29:16,31,봉천사거리.위버폴리스,1.0,20190902124912,44,20190902133000,0.5,-0.166666667,0.0,1.0
서울74사8557,11110238,2019-09-02 13:19:27,31,봉천사거리.위버폴리스,1.0,20190902123915,44,20190902133000,0.5,-0.166666667,0.0,1.0
서울74사6871,11110238,2019-09-02 13:24:57,15,봉원중학교.행운동우성아파트,2.0,20190902130219,22,20190902133000,0.0,-0.333333333,0.25,-0.5
서울74사8525,11110238,2019-09-02 13:23:48,9,서울대학교,1.0,20190902131428,14,20190902133000,0.0,0.6,0.0,-0.166666667
서울74사3709,11110241,2019-09-02 12:51:08,40,노량진역,0.0,20190902114954,64,20190902133000,0.7,0.5,0.5,1.0
서울74사3711,11110241,2019-09-02 13:29:07,28,서울특별시.보라매병원,2.0,20190902124823,28,20190902133000,1.75,1.0,1.75,1.0
서울70사8904,11110537,2019-09-02 13:15:42,22,제2공학관,0.0,20190902115500,22,20190902133000,0.0,1.0,0.0,1.0
서울70사8909,11110537,2019-09-02 13:25:26,22,제2공학관,17.0,20190902052605,23,20190902133000,0.0,1.0,-0.315789474,1.0
서울75사5004,11110537,2019-09-02 10:45:38,22,제2공학관,0.0,20190902102444,22,20190902133000,0.0,1.0,0.0,1.0
서울75사5007,11110537,2019-09-02 13:24:40,22,제2공학관,0.0,20190902130124,22,20190902133000,0.0,1.0,0.0,1.0
서울75사5294,11110537,2019-09-02 10:29:48,22,제2공학관,0.0,20190902100428,22,20190902133000,0.0,1.0,0.0,1.0
서울70사8905,11110537,2019-09-02 13:29:59,16,공동기기원,10.0,20190902055541,16,20190902133000,-0.526315789,2.0,-0.526315789,2.0
서울70사8906,11110537,2019-09-02 13:29:28,1,낙성대역,38.0,20190902123506,2,20190902133000,-2.0,2.0,-1.894736842,2.0
서울75사8911,11110537,2019-09-02 13:25:12,1,낙성대역,38.0,20190902073630,2,20190902133000,-2.0,2.0,-1.894736842,2.0
서울70사8907,11110537,2019-09-02 13:29:41,29,학부생활관,32.0,20190902121613,30,20190902133000,-0.947368421,1.0,-1.052631579,1.0
서울70사8908,11110537,2019-09-02 13:29:34,34,서울과학전시관,16.0,20190902124144,37,20190902133000,-1.473684211,1.0,-1.789473684,1.0
서울70사8985,11110537,2019-09-02 13:26:11,17,유전공학연구소.반도체공동연구소,30.0,20190902051307,22,20190902133000,-0.421052632,2.0,0.0,1.0
서울70사9037,11110537,2019-09-02 13:29:43,9,호암교수회관,60.0,20190902122957,10,20190902133000,-1.2,2.0,-1.157894737,2.0
서울70사9034,11110236,2019-09-02 13:59:58,19,숭실대입구역,6.0,20190902133401,19,20190902140000,0.0,-0.833333333,0.0,-0.833333333
서울70사9034,11110236,2019-09-02 14:00:00,19,숭실대입구역,16.0,20190902133401,19,20190902140000,0.0,-0.833333333,0.0,-0.833333333
서울70사9035,11110236,2019-09-02 13:56:22,16,봉원중학교.행운동우성아파트,5.0,20190902133612,19,20190902140000,0.0,-0.333333333,0.0,-0.833333333
서울74사2511,11110236,2019-09-02 13:50:18,26,중앙대학교,2.0,20190902131345,32,20190902140000,0.5,-1.666666667,0.5,-1.333333333
서울74사2513,11110236,2019-09-02 13:58:04,26,중앙대학교,2.0,20190902132158,32,20190902140000,0.5,-1.666666667,0.5,-1.333333333
서울74사4677,11110236,2019-09-02 13:59:56,15,봉천사거리.봉천중앙시장,3.0,20190902134243,15,20190902140000,0.0,-0.166666667,0.0,-0.166666667
서울74사4678,11110236,2019-09-02 13:58:49,10,서울대학교,3.0,20190902134950,13,20190902140000,0.0,0.6,0.0,0.0
서울75사8902,11110236,2019-09-02 13:56:05,35,숭실대입구역,4.0,20190902130615,38,20190902140000,0.5,-0.833333333,0.5,-0.333333333
서울70사9033,11110238,2019-09-02 13:47:57,16,관악푸르지오아파트,0.0,20190902132640,30,20190902140000,0.0,-0.5,0.5,-0.333333333
서울74사8525,11110238,2019-09-02 13:56:51,31,봉천사거리.위버폴리스,0.0,20190902131428,35,20190902140000,0.5,-0.166666667,0.0,0.333333333
서울74사8542,11110238,2019-09-02 13:59:15,14,봉천사거리.봉천중앙시장,2.0,20190902133853,15,20190902140000,0.0,-0.166666667,0.0,-0.333333333
서울74사8542,11110238,2019-09-02 14:00:00,15,봉원중학교.행운동우성아파트,1.0,20190902133853,15,20190902140000,0.0,-0.333333333,0.0,-0.333333333
서울74사3733,11110241,2019-09-02 13:49:14,16,서울대본부앞,1.0,20190902133402,25,20190902140000,1.0,1.5,1.5,1.5
서울74사9741,11110241,2019-09-02 13:48:43,28,서울특별시.보라매병원,2.0,20190902130320,37,20190902140000,1.75,1.0,1.25,0.5
서울70사8904,11110537,2019-09-02 13:59:29,26,노천강당,7.0,20190902115500,27,20190902140000,-0.631578947,1.0,-0.736842105,1.0
서울70사8905,11110537,2019-09-02 13:35:01,22,제2공학관,0.0,20190902055541,24,20190902140000,0.0,1.0,-0.421052632,1.0
서울70사8906,11110537,2019-09-02 13:53:53,22,제2공학관,0.0,20190902123506,22,20190902140000,0.0,1.0,0.0,1.0
서울70사8908,11110537,2019-09-02 13:59:21,22,제2공학관,0.0,20190902124144,26,20190902140000,0.0,1.0,-0.631578947,1.0
서울75사5004,11110537,2019-09-02 10:45:38,22,제2공학관,0.0,20190902102444,22,20190902140000,0.0,1.0,0.0,1.0
서울75사5007,11110537,2019-09-02 13:24:40,22,제2공학관,0.0,20190902130124,22,20190902140000,0.0,1.0,0.0,1.0
서울75사8911,11110537,2019-09-02 13:50:20,22,제2공학관,1.0,20190902073630,23,20190902140000,0.0,1.0,-0.315789474,1.0
서울70사8907,11110537,2019-09-02 13:59:36,15,노천강당,9.0,20190902121613,17,20190902140000,-0.631578947,2.0,-0.421052632,2.0
서울70사8909,11110537,2019-09-02 13:59:53,7,호암교수회관,19.0,20190902052605,9,20190902140000,-1.368421053,2.0,-1.2,2.0
서울70사8985,11110537,2019-09-02 13:52:51,39,낙성대역,14.0,20190902051307,2,20190902140000,-2.0,1.0,-1.894736842,2.0
서울70사9037,11110537,2019-09-02 13:57:58,39,낙성대역,0.0,20190902122957,39,20190902140000,-2.0,1.0,-2.0,1.0
서울75사5294,11110537,2019-09-02 13:59:24,32,호암교수회관,16.0,20190902100428,33,20190902140000,-1.368421053,1.0,-1.421052632,1.0
서울70사9034,11110236,2019-09-02 14:29:53,37,성현동동아아파트,5.0,20190902133401,38,20190902143000,0.5,-0.5,0.5,-0.333333333
서울70사9035,11110236,2019-09-02 14:27:48,35,숭실대입구역,4.0,20190902133612,36,20190902143000,0.5,-0.833333333,0.5,-0.75
서울74사2511,11110236,2019-09-02 14:25:39,44,서울대학교,1.0,20190902131345,54,20190902143000,0.5,0.6,0.0,1.0
서울74사4677,11110236,2019-09-02 14:28:38,32,상도3차삼성래미안후문,4.0,20190902134243,34,20190902143000,0.5,-1.333333333,0.5,-1.0
서울74사4678,11110236,2019-09-02 14:26:11,26,중앙대학교,2.0,20190902134950,31,20190902143000,0.5,-1.666666667,0.5,-1.5
서울74사4681,11110236,2019-09-02 14:28:41,20,상도1동주민센터.상도3차래미안,10.0,20190902135958,24,20190902143000,0.0,-1.0,0.0,-1.666666667
서울74사4682,11110236,2019-09-02 14:28:57,12,서울여상.서울문영여중고앞,1.0,20190902141743,13,20190902143000,0.0,0.166666667,0.0,0.0
서울74사4683,11110236,2019-09-02 14:27:59,17,관악푸르지오아파트,5.0,20190902140619,18,20190902143000,0.0,-0.5,0.0,-0.666666667
서울74사2073,11110238,2019-09-02 14:28:35,12,관악구청,2.0,20190902141416,14,20190902143000,0.0,0.0,0.0,-0.166666667
서울74사8542,11110238,2019-09-02 14:25:16,33,관악경찰서.관악소방서,2.0,20190902133853,44,20190902143000,0.0,0.0,0.0,1.0
서울74사8557,11110238,2019-09-02 14:27:28,14,봉천사거리.봉천중앙시장,3.0,20190902140827,16,20190902143000,0.0,-0.166666667,0.0,-0.5
서울75사1906,11110238,2019-09-02 14:28:30,29,성현동동아아파트,1.0,20190902135056,31,20190902143000,0.5,-0.5,0.5,-0.166666667
서울74사3709,11110241,2019-09-02 14:23:10,16,서울대본부앞,5.0,20190902140827,25,20190902143000,1.0,1.5,1.5,1.5
서울70사8904,11110537,2019-09-02 14:29:55,13,대학원생활관,9.0,20190902140927,14,20190902143000,-0.842105263,2.0,-0.736842105,2.0
서울70사8905,11110537,2019-09-02 13:35:01,22,제2공학관,0.0,20190902055541,24,20190902143000,0.0,1.0,-0.421052632,1.0
서울70사8906,11110537,2019-09-02 13:53:53,22,제2공학관,0.0,20190902123506,22,20190902143000,0.0,1.0,0.0,1.0
서울70사8985,11110537,2019-09-02 14:21:09,22,제2공학관,0.0,20190902051307,22,20190902143000,0.0,1.0,0.0,1.0
서울70사9037,11110537,2019-09-02 14:29:38,22,제2공학관,0.0,20190902122957,22,20190902143000,0.0,1.0,0.0,1.0
서울75사5004,11110537,2019-09-02 10:45:38,22,제2공학관,0.0,20190902102444,22,20190902143000,0.0,1.0,0.0,1.0
서울70사8907,11110537,2019-09-02 14:29:35,33,인헌아파트,14.0,20190902121613,37,20190902143000,-1.421052632,1.0,-1.789473684,1.0
서울70사8908,11110537,2019-09-02 14:25:22,39,낙성대역,0.0,20190902124144,39,20190902143000,-2.0,1.0,-2.0,1.0
서울70사8909,11110537,2019-09-02 14:29:52,27,관악사삼거리,22.0,20190902052605,27,20190902143000,-0.736842105,1.0,-0.736842105,1.0
서울75사5007,11110537,2019-09-02 14:23:21,1,낙성대역,20.0,20190902141913,2,20190902143000,-2.0,2.0,-1.894736842,2.0
서울75사5294,11110537,2019-09-02 14:28:38,17,유전공학연구소.반도체공동연구소,19.0,20190902100428,22,20190902143000,-0.421052632,2.0,0.0,1.0
서울75사5295,11110537,2019-09-02 14:29:43,38,낙성대입구,20.0,20190902135345,39,20190902143000,-1.894736842,1.0,-2.0,1.0
서울75사8911,11110537,2019-09-02 14:29:19,7,호암교수회관,32.0,20190902073630,11,20190902143000,-1.368421053,2.0,-1.052631579,2.0
서울74사4681,11110236,2019-09-02 14:58:50,39,봉천사거리.위버폴리스,1.0,20190902135958,41,20190902150000,0.5,-0.166666667,0.5,0.0
서울74사4682,11110236,2019-09-02 14:51:18,26,중앙대학교,0.0,20190902141743,31,20190902150000,0.5,-1.666666667,0.5,-1.5
서울74사4688,11110236,2019-09-02 14:58:11,26,중앙대학교,3.0,20190902142132,31,20190902150000,0.5,-1.666666667,0.5,-1.5
서울74사4683,11110236,2019-09-02 14:55:05,34,상도1동주민센터.상도3차래미안,1.0,20190902140619,39,20190902150000,0.5,-1.0,0.5,-0.166666667
서울74사4696,11110236,2019-09-02 14:57:20,15,봉천사거리.봉천중앙시장,2.0,20190902143840,19,20190902150000,0.0,-0.166666667,0.0,-0.833333333
서울74사4698,11110236,2019-09-02 14:59:44,13,관악구청,2.0,20190902144416,16,20190902150000,0.0,0.0,0.0,-0.333333333
서울74사8588,11110236,2019-09-02 14:59:50,22,상도3차삼성래미안후문,10.0,20190902142854,23,20190902150000,0.0,-1.333333333,0.0,-1.5
서울74사8589,11110236,2019-09-02 14:59:03,19,숭실대입구역,4.0,20190902143011,21,20190902150000,0.0,-0.833333333,0.0,-1.166666667
서울75사8902,11110236,2019-09-02 15:00:00,10,서울대학교,2.0,20190902145120,15,20190902150000,0.0,0.6,0.0,-0.166666667
서울70사9033,11110238,2019-09-02 14:54:22,12,관악구청,0.0,20190902144137,14,20190902150000,0.0,0.0,0.0,-0.166666667
서울74사6871,11110238,2019-09-02 14:56:02,22,벽산블루밍아파트종점,0.0,20190902142414,29,20190902150000,0.25,-0.5,0.5,-0.5
서울74사8525,11110238,2019-09-02 14:52:49,16,관악푸르지오아파트,1.0,20190902143243,22,20190902150000,0.0,-0.5,0.25,-0.5
서울74사8542,11110238,2019-09-02 14:59:44,10,서울대학교치과병원.동물병원,5.0,20190902144945,12,20190902150000,0.0,0.333333333,0.0,0.0
서울74사8557,11110238,2019-09-02 14:58:10,36,서울대학교,1.0,20190902140827,44,20190902150000,0.0,0.6,0.0,1.0
서울74사3738,11110241,2019-09-02 14:55:42,16,서울대본부앞,1.0,20190902144042,25,20190902150000,1.0,1.5,1.5,1.5
서울74사8579,11110241,2019-09-02 14:53:17,25,신림역2번출구,2.0,20190902142304,28,20190902150000,1.5,1.5,1.75,1.0
서울70사8904,11110537,2019-09-02 14:59:57,36,낙성대현대아파트,24.0,20190902140927,37,20190902150000,-1.684210526,1.0,-1.789473684,1.0
서울70사8905,11110537,2019-09-02 14:59:22,8,인헌아파트,3.0,20190902145055,10,20190902150000,-1.421052632,2.0,-1.157894737,2.0
서울70사8906,11110537,2019-09-02 14:56:48,1,낙성대역,9.0,20190902145041,7,20190902150000,-2.0,2.0,-1.368421053,2.0
서울70사8907,11110537,2019-09-02 14:59:39,15,노천강당,2.0,20190902121613,18,20190902150000,-0.631578947,2.0,-0.315789474,2.0
서울70사8908,11110537,2019-09-02 14:56:57,22,제2공학관,4.0,20190902124144,24,20190902150000,0.0,1.0,-0.421052632,1.0
서울70사8985,11110537,2019-09-02 14:21:09,22,제2공학관,0.0,20190902051307,22,20190902150000,0.0,1.0,0.0,1.0
서울70사9037,11110537,2019-09-02 14:29:38,22,제2공학관,0.0,20190902122957,22,20190902150000,0.0,1.0,0.0,1.0
서울75사5004,11110537,2019-09-02 10:45:38,22,제2공학관,0.0,20190902102444,22,20190902150000,0.0,1.0,0.0,1.0
서울75사5295,11110537,2019-09-02 14:58:05,22,제2공학관,0.0,20190902135345,22,20190902150000,0.0,1.0,0.0,1.0
서울70사8909,11110537,2019-09-02 14:59:48,10,가족생활동,13.0,20190902052605,11,20190902150000,-1.157894737,2.0,-1.052631579,2.0
서울75사5007,11110537,2019-09-02 14:58:09,25,교수회관입구,2.0,20190902141913,26,20190902150000,-0.526315789,1.0,-0.631578947,1.0
서울75사5165,11110537,2019-09-02 14:58:50,3,인헌초등학교,7.0,20190902113137,8,20190902150000,-1.789473684,2.0,-1.421052632,2.0
서울75사5294,11110537,2019-09-02 14:55:46,39,낙성대역,0.0,20190902100428,1,20190902150000,-2.0,1.0,-2.0,2.0
서울75사8911,11110537,2019-09-02 14:59:28,30,BK국제관,18.0,20190902073630,31,20190902150000,-1.052631579,1.0,-1.157894737,1.0
서울70사9034,11110236,2019-09-02 15:29:45,17,관악푸르지오아파트,4.0,20190902150346,19,20190902153000,0.0,-0.5,0.0,-0.833333333
서울70사9035,11110236,2019-09-02 15:27:35,13,관악구청,1.0,20190902151145,16,20190902153000,0.0,0.0,0.0,-0.333333333
서울74사2511,11110236,2019-09-02 15:29:19,22,상도3차삼성래미안후문,9.0,20190902145655,24,20190902153000,0.0,-1.333333333,0.0,-1.666666667
서울74사2513,11110236,2019-09-02 15:21:42,54,제2공학관,7.0,20190902151916,12,20190902153000,0.0,1.0,0.0,0.166666667
서울74사4677,11110236,2019-09-02 15:25:20,10,서울대학교,1.0,20190902151525,13,20190902153000,0.0,0.6,0.0,0.0
서울74사4682,11110236,2019-09-02 15:18:03,39,봉천사거리.위버폴리스,2.0,20190902141743,54,20190902153000,0.5,-0.166666667,0.0,1.0
서울74사8589,11110236,2019-09-02 15:29:26,39,봉천사거리.위버폴리스,2.0,20190902143011,42,20190902153000,0.5,-0.166666667,0.5,0.166666667
서울74사4696,11110236,2019-09-02 15:28:05,34,상도1동주민센터.상도3차래미안,4.0,20190902143840,35,20190902153000,0.5,-1.0,0.5,-0.833333333
서울74사4698,11110236,2019-09-02 15:20:36,26,중앙대학교,3.0,20190902144416,31,20190902153000,0.5,-1.666666667,0.5,-1.5
서울75사8902,11110236,2019-09-02 15:28:08,26,중앙대학교,1.0,20190902145120,31,20190902153000,0.5,-1.666666667,0.5,-1.5
서울74사8588,11110236,2019-09-02 15:20:22,35,숭실대입구역,1.0,20190902142854,41,20190902153000,0.5,-0.833333333,0.5,0.0
서울74사8542,11110238,2019-09-02 15:21:25,22,벽산블루밍아파트종점,0.0,20190902144945,31,20190902153000,0.25,-0.5,0.5,-0.166666667
서울74사8556,11110238,2019-09-02 15:28:26,16,관악푸르지오아파트,4.0,20190902150702,22,20190902153000,0.0,-0.5,0.25,-0.5
서울75사1906,11110238,2019-09-02 15:18:49,15,봉원중학교.행운동우성아파트,0.0,20190902145758,31,20190902153000,0.0,-0.333333333,0.5,-0.166666667
서울74사3711,11110241,2019-09-02 15:21:59,16,서울대본부앞,2.0,20190902150757,25,20190902153000,1.0,1.5,1.5,1.5
서울75사1320,11110241,2019-09-02 15:13:44,16,서울대본부앞,5.0,20190902145740,25,20190902153000,1.0,1.5,1.5,1.5
서울74사9998,11110241,2019-09-02 15:24:38,25,신림역2번출구,1.0,20190902144909,28,20190902153000,1.5,1.5,1.75,1.0
서울70사8904,11110537,2019-09-02 15:26:48,22,제2공학관,23.0,20190902140927,22,20190902153000,0.0,1.0,0.0,1.0
서울70사8906,11110537,2019-09-02 15:28:20,22,제2공학관,6.0,20190902145041,23,20190902153000,0.0,1.0,-0.315789474,1.0
서울75사5004,11110537,2019-09-02 10:45:38,22,제2공학관,0.0,20190902102444,22,20190902153000,0.0,1.0,0.0,1.0
서울75사5294,11110537,2019-09-02 15:24:36,22,제2공학관,0.0,20190902100428,22,20190902153000,0.0,1.0,0.0,1.0
서울70사8905,11110537,2019-09-02 15:29:13,27,관악사삼거리,22.0,20190902145055,28,20190902153000,-0.736842105,1.0,-0.842105263,1.0
서울70사8907,11110537,2019-09-02 15:28:10,1,낙성대역,13.0,20190902121613,3,20190902153000,-2.0,2.0,-1.789473684,2.0
서울70사8908,11110537,2019-09-02 15:29:51,11,서울대후문.연구공원,11.0,20190902151512,12,20190902153000,-1.052631579,2.0,-0.947368421,2.0
서울70사8909,11110537,2019-09-02 15:28:31,38,낙성대입구,36.0,20190902052605,39,20190902153000,-1.894736842,1.0,-2.0,1.0
서울70사8985,11110537,2019-09-02 15:29:05,34,서울과학전시관,27.0,20190902051307,35,20190902153000,-1.473684211,1.0,-1.578947368,1.0
서울70사9037,11110537,2019-09-02 15:29:22,24,유전공학연구소.반도체공동연구소,9.0,20190902122957,25,20190902153000,-0.421052632,1.0,-0.526315789,1.0
서울75사5007,11110537,2019-09-02 15:28:17,12,학부생활관,10.0,20190902151004,15,20190902153000,-0.947368421,2.0,-0.631578947,2.0
서울75사5165,11110537,2019-09-02 15:29:14,31,가족생활동,16.0,20190902113137,33,20190902153000,-1.157894737,1.0,-1.421052632,1.0
서울75사5295,11110537,2019-09-02 15:29:43,3,인헌초등학교,26.0,20190902135345,7,20190902153000,-1.789473684,2.0,-1.368421053,2.0
서울75사8911,11110537,2019-09-02 15:29:10,19,신소재연구소,26.0,20190902073630,22,20190902153000,-0.210526316,2.0,0.0,1.0
서울70사9034,11110236,2019-09-02 15:58:53,35,숭실대입구역,6.0,20190902150346,36,20190902160000,0.5,-0.833333333,0.5,-0.75
서울70사9035,11110236,2019-09-02 15:44:56,26,중앙대학교,0.0,20190902151145,35,20190902160000,0.5,-1.666666667,0.5,-0.833333333
서울74사2513,11110236,2019-09-02 15:59:59,26,중앙대학교,0.0,20190902151916,26,20190902160000,0.5,-1.666666667,0.5,-1.666666667
서울74사4677,11110236,2019-09-02 15:51:37,26,중앙대학교,5.0,20190902151525,31,20190902160000,0.5,-1.666666667,0.5,-1.5
서울74사2511,11110236,2019-09-02 15:59:05,39,봉천사거리.위버폴리스,2.0,20190902145655,41,20190902160000,0.5,-0.166666667,0.5,0.0
서울74사4678,11110236,2019-09-02 15:59:58,24,중앙대후문,0.0,20190902152738,26,20190902160000,0.0,-1.666666667,0.5,-1.666666667
서울74사4681,11110236,2019-09-02 15:55:44,16,봉원중학교.행운동우성아파트,6.0,20190902153326,18,20190902160000,0.0,-0.333333333,0.0,-0.666666667
서울74사4682,11110236,2019-09-02 15:59:16,16,봉원중학교.행운동우성아파트,4.0,20190902154000,19,20190902160000,0.0,-0.333333333,0.0,-0.833333333
서울74사4683,11110236,2019-09-02 15:59:34,13,관악구청,9.0,20190902154513,13,20190902160000,0.0,0.0,0.0,0.0
서울70사9033,11110238,2019-09-02 15:56:07,9,서울대학교,1.0,20190902154632,12,20190902160000,0.0,0.6,0.0,0.0
서울74사6871,11110238,2019-09-02 15:55:38,22,벽산블루밍아파트종점,0.0,20190902153014,31,20190902160000,0.25,-0.5,0.5,-0.166666667
서울74사8525,11110238,2019-09-02 15:59:44,14,봉천사거리.봉천중앙시장,1.0,20190902153923,14,20190902160000,0.0,-0.166666667,0.0,-0.166666667
서울74사3771,11110241,2019-09-02 15:57:20,25,신림역2번출구,2.0,20190902151635,28,20190902160000,1.5,1.5,1.75,1.0
서울74사3772,11110241,2019-09-02 15:50:08,16,서울대본부앞,1.0,20190902153532,25,20190902160000,1.0,1.5,1.5,1.5
서울70사8904,11110537,2019-09-02 15:57:31,39,낙성대역,2.0,20190902140927,39,20190902160000,-2.0,1.0,-2.0,1.0
서울75사8911,11110537,2019-09-02 15:59:59,39,낙성대역,15.0,20190902073630,1,20190902160000,-2.0,1.0,-2.0,2.0
서울70사8905,11110537,2019-09-02 15:59:27,16,공동기기원,0.0,20190902145055,22,20190902160000,-0.526315789,2.0,0.0,1.0
서울70사8906,11110537,2019-09-02 15:57:40,3,인헌초등학교,7.0,20190902154735,9,20190902160000,-1.789473684,2.0,-1.2,2.0
서울70사8907,11110537,2019-09-02 15:50:42,22,제2공학관,3.0,20190902121613,23,20190902160000,0.0,1.0,-0.315789474,1.0
서울70사8909,11110537,2019-09-02 15:52:02,22,제2공학관,0.0,20190902052605,22,20190902160000,0.0,1.0,0.0,1.0
서울70사8985,11110537,2019-09-02 15:59:09,22,제2공학관,0.0,20190902051307,22,20190902160000,0.0,1.0,0.0,1.0
서울75사5004,11110537,2019-09-02 10:45:38,22,제2공학관,0.0,20190902102444,22,20190902160000,0.0,1.0,0.0,1.0
서울70사8908,11110537,2019-09-02 15:58:31,31,가족생활동,11.0,20190902151512,33,20190902160000,-1.157894737,1.0,-1.421052632,1.0
서울75사5007,11110537,2019-09-02 15:56:47,31,가족생활동,30.0,20190902151004,36,20190902160000,-1.157894737,1.0,-1.684210526,1.0
서울70사9037,11110537,2019-09-02 15:58:01,8,인헌아파트,7.0,20190902122957,10,20190902160000,-1.421052632,2.0,-1.157894737,2.0
서울75사5165,11110537,2019-09-02 15:59:31,19,신소재연구소,0.0,20190902113137,22,20190902160000,-0.210526316,2.0,0.0,1.0
서울75사5294,11110537,2019-09-02 15:54:32,1,낙성대역,11.0,20190902155256,2,20190902160000,-2.0,2.0,-1.894736842,2.0
서울75사5295,11110537,2019-09-02 15:57:54,25,교수회관입구,11.0,20190902135345,27,20190902160000,-0.526315789,1.0,-0.736842105,1.0
서울74사2513,11110236,2019-09-02 16:23:10,39,봉천사거리.위버폴리스,2.0,20190902151916,44,20190902163000,0.5,-0.166666667,0.5,0.6
서울74사4681,11110236,2019-09-02 16:29:58,38,봉원중학교.행운동우성아파트,2.0,20190902153326,43,20190902163000,0.5,-0.333333333,0.5,0.333333333
서울74사4682,11110236,2019-09-02 16:29:07,35,숭실대입구역,3.0,20190902154000,36,20190902163000,0.5,-0.833333333,0.5,-0.75
서울74사4683,11110236,2019-09-02 16:22:05,26,중앙대학교,5.0,20190902154513,32,20190902163000,0.5,-1.666666667,0.5,-1.333333333
서울74사4688,11110236,2019-09-02 16:27:00,24,중앙대후문,5.0,20190902155142,26,20190902163000,0.0,-1.666666667,0.5,-1.666666667
서울74사4696,11110236,2019-09-02 16:28:36,13,관악구청,10.0,20190902160854,15,20190902163000,0.0,0.0,0.0,-0.166666667
서울74사4698,11110236,2019-09-02 16:28:32,12,서울여상.서울문영여중고앞,12.0,20190902161418,13,20190902163000,0.0,0.166666667,0.0,0.0
서울74사8588,11110236,2019-09-02 16:29:41,19,숭실대입구역,20.0,20190902155909,20,20190902163000,0.0,-0.833333333,0.0,-1.0
서울74사8589,11110236,2019-09-02 16:29:57,18,봉천고개.관악현대아파트,4.0,20190902160242,18,20190902163000,0.0,-0.666666667,0.0,-0.666666667
서울70사9033,11110238,2019-09-02 16:29:31,31,봉천사거리.위버폴리스,2.0,20190902154632,33,20190902163000,0.5,-0.166666667,0.0,0.0
서울74사8556,11110238,2019-09-02 16:25:02,11,서울여상.서울문영여중고앞,10.0,20190902161500,12,20190902163000,0.0,0.166666667,0.0,0.0
서울75사1906,11110238,2019-09-02 16:27:11,16,관악푸르지오아파트,1.0,20190902160215,22,20190902163000,0.0,-0.5,0.25,-0.5
서울74사3732,11110241,2019-09-02 16:29:49,28,서울특별시.보라매병원,1.0,20190902154319,37,20190902163000,1.75,1.0,1.25,0.5
서울74사3774,11110241,2019-09-02 16:08:15,16,서울대본부앞,2.0,20190902155240,25,20190902163000,1.0,1.5,1.5,1.5
서울74사9594,11110241,2019-09-02 16:27:50,16,서울대본부앞,1.0,20190902161054,25,20190902163000,1.0,1.5,1.5,1.5
서울70사8904,11110537,2019-09-02 16:22:02,22,제2공학관,2.0,20190902140927,25,20190902163000,0.0,1.0,-0.526315789,1.0
서울75사5004,11110537,2019-09-02 10:45:38,22,제2공학관,0.0,20190902102444,22,20190902163000,0.0,1.0,0.0,1.0
서울75사5007,11110537,2019-09-02 16:28:13,22,제2공학관,0.0,20190902160609,22,20190902163000,0.0,1.0,0.0,1.0
서울75사8911,11110537,2019-09-02 16:24:26,22,제2공학관,18.0,20190902073630,22,20190902163000,0.0,1.0,0.0,1.0
서울70사8905,11110537,2019-09-02 16:28:52,35,낙성대공원.영어마을,23.0,20190902145055,37,20190902163000,-1.578947368,1.0,-1.789473684,1.0
서울70사8906,11110537,2019-09-02 16:29:54,28,대학원생활관,20.0,20190902154735,29,20190902163000,-0.842105263,1.0,-0.947368421,1.0
서울70사8907,11110537,2019-09-02 16:27:13,7,호암교수회관,33.0,20190902121613,11,20190902163000,-1.368421053,2.0,-1.052631579,2.0
서울70사8908,11110537,2019-09-02 16:29:35,19,신소재연구소,2.0,20190902160831,22,20190902163000,-0.210526316,2.0,0.0,1.0
서울70사8909,11110537,2019-09-02 16:29:29,2,낙성대입구,34.0,20190902052605,3,20190902163000,-1.894736842,2.0,-1.789473684,2.0
서울70사8985,11110537,2019-09-02 16:26:23,1,낙성대역,24.0,20190902051307,3,20190902163000,-2.0,2.0,-1.789473684,2.0
서울70사9037,11110537,2019-09-02 16:26:05,29,학부생활관,26.0,20190902122957,36,20190902163000,-0.947368421,1.0,-1.684210526,1.0
서울75사5165,11110537,2019-09-02 16:26:44,39,낙성대역,0.0,20190902113137,39,20190902163000,-2.0,1.0,-2.0,1.0
서울75사5294,11110537,2019-09-02 16:13:47,18,에너지자원연구소,0.0,20190902155256,25,20190902163000,-0.315789474,2.0,-0.526315789,1.0
서울75사5295,11110537,2019-09-02 16:29:58,13,대학원생활관,6.0,20190902161123,14,20190902163000,-0.842105263,2.0,-0.736842105,2.0
서울70사9034,11110236,2019-09-02 16:59:11,17,관악푸르지오아파트,5.0,20190902163551,18,20190902170000,0.0,-0.5,0.0,-0.666666667
서울74사2511,11110236,2019-09-02 16:55:26,19,숭실대입구역,3.0,20190902162800,23,20190902170000,0.0,-0.833333333,0.0,-1.5
서울74사2513,11110236,2019-09-02 16:56:56,10,서울대학교,1.0,20190902164618,15,20190902170000,0.0,0.6,0.0,-0.166666667
서울74사4688,11110236,2019-09-02 16:55:28,39,봉천사거리.위버폴리스,1.0,20190902155142,44,20190902170000,0.5,-0.166666667,0.5,0.6
서울74사4696,11110236,2019-09-02 16:47:40,26,중앙대학교,1.0,20190902160854,35,20190902170000,0.5,-1.666666667,0.5,-0.833333333
서울74사4698,11110236,2019-09-02 16:57:05,24,중앙대후문,8.0,20190902161418,26,20190902170000,0.0,-1.666666667,0.5,-1.666666667
서울74사8588,11110236,2019-09-02 16:59:45,36,봉현초등학교,3.0,20190902155909,38,20190902170000,0.5,-0.75,0.5,-0.333333333
서울74사8589,11110236,2019-09-02 16:59:33,35,숭실대입구역,7.0,20190902160242,35,20190902170000,0.5,-0.833333333,0.5,-0.833333333
서울75사8902,11110236,2019-09-02 16:58:15,23,상도SH빌아파트상도팰리스후문,5.0,20190902162110,26,20190902170000,0.0,-1.5,0.5,-1.666666667
서울74사2073,11110238,2019-09-02 16:56:28,12,관악구청,4.0,20190902163712,15,20190902170000,0.0,0.0,0.0,-0.333333333
서울74사8556,11110238,2019-09-02 16:57:55,29,성현동동아아파트,1.0,20190902161500,30,20190902170000,0.5,-0.5,0.5,-0.333333333
서울74사8557,11110238,2019-09-02 16:49:02,15,봉원중학교.행운동우성아파트,1.0,20190902162656,22,20190902170000,0.0,-0.333333333,0.25,-0.5
서울74사3704,11110241,2019-09-02 16:52:54,16,서울대본부앞,2.0,20190902163755,25,20190902170000,1.0,1.5,1.5,1.5
서울74사9723,11110241,2019-09-02 16:36:26,16,서울대본부앞,3.0,20190902161909,28,20190902170000,1.0,1.5,1.75,1.0
서울75사1318,11110241,2019-09-02 16:42:19,16,서울대본부앞,2.0,20190902162802,25,20190902170000,1.0,1.5,1.5,1.5
서울74사3733,11110241,2019-09-02 16:41:18,28,서울특별시.보라매병원,1.0,20190902160124,36,20190902170000,1.75,1.0,1.5,0.5
서울74사3774,11110241,2019-09-02 16:37:39,28,서울특별시.보라매병원,1.0,20190902155240,37,20190902170000,1.75,1.0,1.25,0.5
서울70사8904,11110537,2019-09-02 16:59:49,7,호암교수회관,10.0,20190902140927,10,20190902170000,-1.368421053,2.0,-1.157894737,2.0
서울70사8905,11110537,2019-09-02 16:57:28,22,제2공학관,0.0,20190902163310,22,20190902170000,0.0,1.0,0.0,1.0
서울70사8985,11110537,2019-09-02 16:51:23,22,제2공학관,12.0,20190902051307,23,20190902170000,0.0,1.0,-0.315789474,1.0
서울75사5004,11110537,2019-09-02 10:45:38,22,제2공학관,0.0,20190902102444,22,20190902170000,0.0,1.0,0.0,1.0
서울70사8906,11110537,2019-09-02 16:59:37,15,노천강당,0.0,20190902164043,22,20190902170000,-0.631578947,2.0,0.0,1.0
서울70사8907,11110537,2019-09-02 16:58:19,29,학부생활관,40.0,20190902121613,33,20190902170000,-0.947368421,1.0,-1.421052632,1.0
서울70사8909,11110537,2019-09-02 16:57:38,24,유전공학연구소.반도체공동연구소,14.0,20190902052605,26,20190902170000,-0.421052632,1.0,-0.631578947,1.0
서울70사9037,11110537,2019-09-02 16:59:42,19,신소재연구소,0.0,20190902122957,22,20190902170000,-0.210526316,2.0,0.0,1.0
서울75사5007,11110537,2019-09-02 16:58:19,1,낙성대역,6.0,20190902165644,1,20190902170000,-2.0,2.0,-2.0,2.0
서울75사5165,11110537,2019-09-02 16:50:18,17,유전공학연구소.반도체공동연구소,0.0,20190902113137,22,20190902170000,-0.421052632,2.0,0.0,1.0
서울75사5294,11110537,2019-09-02 16:59:45,10,가족생활동,9.0,20190902164358,11,20190902170000,-1.157894737,2.0,-1.052631579,2.0
서울75사5295,11110537,2019-09-02 16:58:48,33,인헌아파트,50.0,20190902161123,34,20190902170000,-1.421052632,1.0,-1.473684211,1.0
서울75사8911,11110537,2019-09-02 16:54:36,39,낙성대역,14.0,20190902073630,2,20190902170000,-2.0,1.0,-1.894736842,2.0
서울70사9034,11110236,2019-09-02 17:29:22,35,숭실대입구역,4.0,20190902163551,38,20190902173000,0.5,-0.833333333,0.5,-0.333333333
서울70사9035,11110236,2019-09-02 17:29:30,24,중앙대후문,4.0,20190902165054,26,20190902173000,0.0,-1.666666667,0.5,-1.666666667
서울74사2511,11110236,2019-09-02 17:27:52,39,봉천사거리.위버폴리스,2.0,20190902162800,44,20190902173000,0.5,-0.166666667,0.5,0.6
서울74사2513,11110236,2019-09-02 17:29:06,26,중앙대학교,4.0,20190902164618,31,20190902173000,0.5,-1.666666667,0.5,-1.5
서울74사4677,11110236,2019-09-02 17:29:05,19,숭실대입구역,14.0,20190902165708,21,20190902173000,0.0,-0.833333333,0.0,-1.166666667
서울74사4678,11110236,2019-09-02 17:27:27,13,관악구청,2.0,20190902170801,15,20190902173000,0.0,0.0,0.0,-0.166666667
서울74사4681,11110236,2019-09-02 17:24:40,10,서울대학교,1.0,20190902171618,13,20190902173000,0.0,0.6,0.0,0.0
서울70사9033,11110238,2019-09-02 17:28:31,11,서울여상.서울문영여중고앞,4.0,20190902171432,11,20190902173000,0.0,0.166666667,0.0,0.166666667
서울74사6871,11110238,2019-09-02 17:29:49,29,성현동동아아파트,1.0,20190902164940,31,20190902173000,0.5,-0.5,0.5,-0.166666667
서울74사8525,11110238,2019-09-02 17:29:19,15,봉원중학교.행운동우성아파트,3.0,20190902170207,16,20190902173000,0.0,-0.333333333,0.0,-0.5
서울74사3704,11110241,2019-09-02 17:27:38,28,서울특별시.보라매병원,1.0,20190902163755,36,20190902173000,1.75,1.0,1.5,0.5
서울75사1318,11110241,2019-09-02 17:20:00,28,서울특별시.보라매병원,1.0,20190902162802,36,20190902173000,1.75,1.0,1.5,0.5
서울74사3709,11110241,2019-09-02 17:05:02,16,서울대본부앞,8.0,20190902164652,25,20190902173000,1.0,1.5,1.5,1.5
서울74사3775,11110241,2019-09-02 17:10:54,16,서울대본부앞,2.0,20190902165535,25,20190902173000,1.0,1.5,1.5,1.5
서울74사8579,11110241,2019-09-02 17:20:11,16,서울대본부앞,2.0,20190902170410,25,20190902173000,1.0,1.5,1.5,1.5
서울70사8904,11110537,2019-09-02 17:29:50,27,관악사삼거리,23.0,20190902140927,30,20190902173000,-0.736842105,1.0,-1.052631579,1.0
서울70사8905,11110537,2019-09-02 17:28:11,39,낙성대역,10.0,20190902163310,7,20190902173000,-2.0,1.0,-1.368421053,2.0
서울70사8905,11110537,2019-09-02 17:29:12,1,낙성대역,6.0,20190902172908,2,20190902173000,-2.0,2.0,-1.894736842,2.0
서울75사5165,11110537,2019-09-02 17:25:03,1,낙성대역,52.0,20190902113137,2,20190902173000,-2.0,2.0,-1.894736842,2.0
서울70사8906,11110537,2019-09-02 17:29:33,37,인헌초등학교,38.0,20190902164043,38,20190902173000,-1.789473684,1.0,-1.894736842,1.0
서울70사8907,11110537,2019-09-02 17:29:01,15,노천강당,15.0,20190902121613,19,20190902173000,-0.631578947,2.0,-0.210526316,2.0
서울70사8908,11110537,2019-09-02 17:24:11,22,제2공학관,0.0,20190902165920,22,20190902173000,0.0,1.0,0.0,1.0
서울75사5004,11110537,2019-09-02 10:45:38,22,제2공학관,0.0,20190902102444,22,20190902173000,0.0,1.0,0.0,1.0
서울75사5007,11110537,2019-09-02 17:28:22,22,제2공학관,31.0,20190902165644,23,20190902173000,0.0,1.0,-0.315789474,1.0
서울70사8909,11110537,2019-09-02 17:29:01,14,기숙사삼거리,30.0,20190902052605,17,20190902173000,-0.736842105,2.0,-0.421052632,2.0
서울70사8985,11110537,2019-09-02 17:28:30,8,인헌아파트,51.0,20190902051307,10,20190902173000,-1.421052632,2.0,-1.157894737,2.0
서울70사9037,11110537,2019-09-02 17:27:08,38,낙성대입구,27.0,20190902122957,39,20190902173000,-1.894736842,1.0,-2.0,1.0
서울75사5294,11110537,2019-09-02 17:27:17,30,BK국제관,31.0,20190902164358,34,20190902173000,-1.052631579,1.0,-1.473684211,1.0
서울75사8911,11110537,2019-09-02 17:29:19,24,유전공학연구소.반도체공동연구소,12.0,20190902073630,26,20190902173000,-0.421052632,1.0,-0.631578947,1.0
서울70사9035,11110236,2019-09-02 17:57:23,39,봉천사거리.위버폴리스,5.0,20190902165054,43,20190902180000,0.5,-0.166666667,0.5,0.333333333
서울74사4678,11110236,2019-09-02 17:51:48,26,중앙대학교,6.0,20190902170801,31,20190902180000,0.5,-1.666666667,0.5,-1.5
서울74사4681,11110236,2019-09-02 17:56:35,26,중앙대학교,1.0,20190902171618,32,20190902180000,0.5,-1.666666667,0.5,-1.333333333
서울74사4682,11110236,2019-09-02 17:59:54,20,상도1동주민센터.상도3차래미안,17.0,20190902172353,20,20190902180000,0.0,-1.0,0.0,-1.0
서울74사4683,11110236,2019-09-02 17:59:10,16,봉원중학교.행운동우성아파트,10.0,20190902173113,18,20190902180000,0.0,-0.333333333,0.0,-0.666666667
서울74사4688,11110236,2019-09-02 17:48:54,10,서울대학교,3.0,20190902173344,13,20190902180000,0.0,0.6,0.0,0.0
서울74사8588,11110236,2019-09-02 17:57:49,10,서울대학교,1.0,20190902174802,13,20190902180000,0.0,0.6,0.0,0.0
서울70사9033,11110238,2019-09-02 17:58:09,29,성현동동아아파트,1.0,20190902171432,31,20190902180000,0.5,-0.5,0.5,-0.166666667
서울74사8542,11110238,2019-09-02 17:55:37,16,관악푸르지오아파트,3.0,20190902172641,22,20190902180000,0.0,-0.5,0.25,-0.5
서울74사3738,11110241,2019-09-02 17:59:30,25,신림역2번출구,1.0,20190902172430,28,20190902180000,1.5,1.5,1.75,1.0
서울74사8579,11110241,2019-09-02 17:49:56,28,서울특별시.보라매병원,0.0,20190902170410,40,20190902180000,1.75,1.0,0.7,0.5
서울74사9998,11110241,2019-09-02 17:47:57,16,서울대본부앞,4.0,20190902173201,25,20190902180000,1.0,1.5,1.5,1.5
서울75사1320,11110241,2019-09-02 17:56:18,16,서울대본부앞,1.0,20190902173927,25,20190902180000,1.0,1.5,1.5,1.5
서울70사8904,11110537,2019-09-02 17:57:14,13,대학원생활관,1.0,20190902174212,16,20190902180000,-0.842105263,2.0,-0.526315789,2.0
서울70사8905,11110537,2019-09-02 17:59:32,24,유전공학연구소.반도체공동연구소,29.0,20190902172908,25,20190902180000,-0.421052632,1.0,-0.526315789,1.0
서울70사8906,11110537,2019-09-02 17:59:49,22,제2공학관,0.0,20190902173430,22,20190902180000,0.0,1.0,0.0,1.0
서울70사9037,11110537,2019-09-02 17:54:04,22,제2공학관,0.0,20190902122957,22,20190902180000,0.0,1.0,0.0,1.0
서울75사5004,11110537,2019-09-02 17:58:16,22,제2공학관,4.0,20190902102444,22,20190902180000,0.0,1.0,0.0,1.0
서울70사8907,11110537,2019-09-02 17:59:58,38,낙성대입구,29.0,20190902121613,1,20190902180000,-1.894736842,1.0,-2.0,2.0
서울70사8908,11110537,2019-09-02 17:56:03,1,낙성대역,7.0,20190902175256,2,20190902180000,-2.0,2.0,-1.894736842,2.0
서울75사5295,11110537,2019-09-02 17:59:08,1,낙성대역,5.0,20190902175902,1,20190902180000,-2.0,2.0,-2.0,2.0
서울70사8909,11110537,2019-09-02 17:58:56,34,서울과학전시관,50.0,20190902052605,36,20190902180000,-1.473684211,1.0,-1.684210526,1.0
서울70사8985,11110537,2019-09-02 17:56:10,26,노천강당,62.0,20190902051307,39,20190902180000,-0.631578947,1.0,-2.0,1.0
서울75사5007,11110537,2019-09-02 17:58:20,3,인헌초등학교,15.0,20190902165644,5,20190902180000,-1.789473684,2.0,-1.578947368,2.0
서울75사5165,11110537,2019-09-02 17:57:07,25,교수회관입구,48.0,20190902113137,28,20190902180000,-0.526315789,1.0,-0.842105263,1.0
서울75사5294,11110537,2019-09-02 17:55:33,15,노천강당,0.0,20190902173743,22,20190902180000,-0.631578947,2.0,0.0,1.0
서울75사8911,11110537,2019-09-02 17:59:51,11,서울대후문.연구공원,11.0,20190902073630,12,20190902180000,-1.052631579,2.0,-0.947368421,2.0
서울74사4681,11110236,2019-09-02 18:22:58,39,봉천사거리.위버폴리스,2.0,20190902171618,44,20190902183000,0.5,-0.166666667,0.5,0.6
서울74사4682,11110236,2019-09-02 18:28:04,32,상도3차삼성래미안후문,12.0,20190902172353,34,20190902183000,0.5,-1.333333333,0.5,-1.0
서울74사4683,11110236,2019-09-02 18:29:48,32,상도3차삼성래미안후문,2.0,20190902173113,35,20190902183000,0.5,-1.333333333,0.5,-0.833333333
서울74사4688,11110236,2019-09-02 18:28:12,26,중앙대학교,5.0,20190902173344,31,20190902183000,0.5,-1.666666667,0.5,-1.5
서울74사8588,11110236,2019-09-02 18:29:42,22,상도3차삼성래미안후문,4.0,20190902174802,22,20190902183000,0.0,-1.333333333,0.0,-1.333333333
서울74사8589,11110236,2019-09-02 18:29:50,16,봉원중학교.행운동우성아파트,14.0,20190902175447,17,20190902183000,0.0,-0.333333333,0.0,-0.5
서울74사8556,11110238,2019-09-02 18:24:56,16,관악푸르지오아파트,6.0,20190902175059,22,20190902183000,0.0,-0.5,0.25,-0.5
서울74사8557,11110238,2019-09-02 18:28:59,12,관악구청,6.0,20190902180252,12,20190902183000,0.0,0.0,0.0,0.0
서울75사1906,11110238,2019-09-02 18:29:43,31,봉천사거리.위버폴리스,1.0,20190902173717,44,20190902183000,0.5,-0.166666667,0.0,1.0
서울74사3711,11110241,2019-09-02 18:10:36,16,서울대본부앞,1.0,20190902174959,25,20190902183000,1.0,1.5,1.5,1.5
서울74사3771,11110241,2019-09-02 18:18:32,16,서울대본부앞,2.0,20190902175847,25,20190902183000,1.0,1.5,1.5,1.5
서울74사9741,11110241,2019-09-02 18:26:56,16,서울대본부앞,3.0,20190902180719,25,20190902183000,1.0,1.5,1.5,1.5
서울74사9998,11110241,2019-09-02 18:18:41,28,서울특별시.보라매병원,1.0,20190902173201,37,20190902183000,1.75,1.0,1.25,0.5
서울75사1320,11110241,2019-09-02 18:17:42,25,신림역2번출구,0.0,20190902173927,40,20190902183000,1.5,1.5,0.7,0.5
서울70사8904,11110537,2019-09-02 18:28:48,35,낙성대공원.영어마을,60.0,20190902174212,37,20190902183000,-1.578947368,1.0,-1.789473684,1.0
서울70사8905,11110537,2019-09-02 18:28:50,8,인헌아파트,7.0,20190902172908,9,20190902183000,-1.421052632,2.0,-1.2,2.0
서울70사8905,11110537,2019-09-02 18:24:09,2,낙성대입구,4.0,20190902182129,14,20190902183000,-1.894736842,2.0,-0.736842105,2.0
서울70사8906,11110537,2019-09-02 18:29:56,38,낙성대입구,39.0,20190902173430,39,20190902183000,-1.894736842,1.0,-2.0,1.0
서울70사8907,11110537,2019-09-02 18:25:08,22,제2공학관,48.0,20190902121613,23,20190902183000,0.0,1.0,-0.315789474,1.0
서울70사8908,11110537,2019-09-02 18:29:55,30,BK국제관,35.0,20190902175256,32,20190902183000,-1.052631579,1.0,-1.368421053,1.0
서울70사8909,11110537,2019-09-02 18:22:47,18,에너지자원연구소,74.0,20190902052605,22,20190902183000,-0.315789474,2.0,0.0,1.0
서울70사8985,11110537,2019-09-02 18:24:19,15,노천강당,62.0,20190902051307,22,20190902183000,-0.631578947,2.0,0.0,1.0
서울70사9037,11110537,2019-09-02 18:29:58,1,낙성대역,53.0,20190902122957,2,20190902183000,-2.0,2.0,-1.894736842,2.0
서울75사5007,11110537,2019-09-02 18:29:53,32,호암교수회관,55.0,20190902165644,33,20190902183000,-1.368421053,1.0,-1.421052632,1.0
서울75사8911,11110537,2019-09-02 18:27:33,32,호암교수회관,54.0,20190902073630,35,20190902183000,-1.368421053,1.0,-1.578947368,1.0
서울75사5165,11110537,2019-09-02 18:29:39,11,서울대후문.연구공원,22.0,20190902113137,12,20190902183000,-1.052631579,2.0,-0.947368421,2.0
서울75사5294,11110537,2019-09-02 18:29:28,36,낙성대현대아파트,55.0,20190902173743,37,20190902183000,-1.684210526,1.0,-1.789473684,1.0
서울75사5295,11110537,2019-09-02 18:29:59,26,노천강당,51.0,20190902175902,27,20190902183000,-0.631578947,1.0,-0.736842105,1.0
