노선id,노선번호,운행회차,회차,정류소번호명,정류소번호,정류소순번,정류소명,차량번호,운행출발일시,운행출발연월일시,하차일시,인원,누적인원
11110537,관악02,01,[01] 06:38,01_낙성대역,01,1,낙성대역,서울70사8904,06:38,2019-09-02 6:38,2019-09-02 6:38,4,4
11110537,관악02,01,[01] 06:38,02_낙성대입구,02,2,낙성대입구,서울70사8904,06:38,2019-09-02 6:38,,0,4
11110537,관악02,01,[01] 06:38,03_인헌초등학교,03,3,인헌초등학교,서울70사8904,06:38,2019-09-02 6:38,,0,4
11110537,관악02,01,[01] 06:38,04_낙성대현대아파트,04,4,낙성대현대아파트,서울70사8904,06:38,2019-09-02 6:38,2019-09-02 6:55,2,6
11110537,관악02,01,[01] 06:38,05_낙성대공원.관악복합평생교육센터,05,5,낙성대공원.관악복합평생교육센터,서울70사8904,06:38,2019-09-02 6:38,2019-09-02 6:55,2,8
11110537,관악02,01,[01] 06:38,06_서울과학전시관,06,6,서울과학전시관,서울70사8904,06:38,2019-09-02 6:38,2019-09-02 6:57,1,9
11110537,관악02,01,[01] 06:38,07_호암교수회관,07,7,호암교수회관,서울70사8904,06:38,2019-09-02 6:38,,0,9
11110537,관악02,01,[01] 06:38,08_인헌아파트,08,8,인헌아파트,서울70사8904,06:38,2019-09-02 6:38,,0,9
11110537,관악02,01,[01] 06:38,09_교수아파트,09,9,교수아파트,서울70사8904,06:38,2019-09-02 6:38,,0,9
11110537,관악02,01,[01] 06:38,10_가족생활동,10,10,가족생활동,서울70사8904,06:38,2019-09-02 6:38,,0,9
11110537,관악02,01,[01] 06:38,11_서울대후문.연구공원,11,11,서울대후문.연구공원,서울70사8904,06:38,2019-09-02 6:38,,0,9
11110537,관악02,01,[01] 06:38,12_학부생활관,12,12,학부생활관,서울70사8904,06:38,2019-09-02 6:38,2019-09-02 7:00,4,13
11110537,관악02,01,[01] 06:38,13_대학원생활관,13,13,대학원생활관,서울70사8904,06:38,2019-09-02 6:38,2019-09-02 7:01,1,14
11110537,관악02,01,[01] 06:38,14_기숙사삼거리,14,14,기숙사삼거리,서울70사8904,06:38,2019-09-02 6:38,2019-09-02 7:02,1,15
11110537,관악02,01,[01] 06:38,15_공동기기원,15,15,공동기기원,서울70사8904,06:38,2019-09-02 6:38,,0,15
11110537,관악02,01,[01] 06:38,16_유전공학연구소.반도체공동연구소,16,16,유전공학연구소.반도체공동연구소,서울70사8904,06:38,2019-09-02 6:38,,0,15
11110537,관악02,01,[01] 06:38,17_에너지자원연구소,17,17,에너지자원연구소,서울70사8904,06:38,2019-09-02 6:38,2019-09-02 7:06,1,16
11110537,관악02,01,[01] 06:38,18_신소재연구소,18,18,신소재연구소,서울70사8904,06:38,2019-09-02 6:38,,0,16
11110537,관악02,01,[01] 06:38,19_제2파워플랜트,19,19,제2파워플랜트,서울70사8904,06:38,2019-09-02 6:38,,0,16
11110537,관악02,01,[01] 06:38,20_건설환경종합연구소,20,20,건설환경종합연구소,서울70사8904,06:38,2019-09-02 6:38,,0,16
11110537,관악02,01,[01] 06:38,21_제2공학관,21,21,제2공학관,서울70사8904,06:38,2019-09-02 6:38,2019-09-02 7:10,1,17
11110537,관악02,01,[01] 06:38,22_유회진학술정보관.제1공학관,22,22,유회진학술정보관.제1공학관,서울70사8904,06:38,2019-09-02 6:38,,0,17
11110537,관악02,01,[01] 06:38,23_유전공학연구소.반도체공동연구소,23,23,유전공학연구소.반도체공동연구소,서울70사8904,06:38,2019-09-02 6:38,,0,17
11110537,관악02,01,[01] 06:38,24_교수회관입구,24,24,교수회관입구,서울70사8904,06:38,2019-09-02 6:38,,0,17
11110537,관악02,01,[01] 06:38,25_관악사삼거리,25,25,관악사삼거리,서울70사8904,06:38,2019-09-02 6:38,,0,17
11110537,관악02,01,[01] 06:38,26_대학원생활관,26,26,대학원생활관,서울70사8904,06:38,2019-09-02 6:38,,0,17
11110537,관악02,01,[01] 06:38,27_노천강당,27,27,노천강당,서울70사8904,06:38,2019-09-02 6:38,,0,17
11110537,관악02,01,[01] 06:38,28_학부생활관,28,28,학부생활관,서울70사8904,06:38,2019-09-02 6:38,,0,17
11110537,관악02,01,[01] 06:38,29_BK국제관,29,29,BK국제관,서울70사8904,06:38,2019-09-02 6:38,,0,17
11110537,관악02,01,[01] 06:38,30_가족생활동,30,30,가족생활동,서울70사8904,06:38,2019-09-02 6:38,,0,17
11110537,관악02,01,[01] 06:38,31_호암교수회관,31,31,호암교수회관,서울70사8904,06:38,2019-09-02 6:38,,0,17
11110537,관악02,01,[01] 06:38,32_인헌아파트,32,32,인헌아파트,서울70사8904,06:38,2019-09-02 6:38,,0,17
11110537,관악02,01,[01] 06:38,33_서울과학전시관,33,33,서울과학전시관,서울70사8904,06:38,2019-09-02 6:38,,0,17
11110537,관악02,01,[01] 06:38,34_낙성대공원.관악복합평생교육센터,34,34,낙성대공원.관악복합평생교육센터,서울70사8904,06:38,2019-09-02 6:38,,0,17
11110537,관악02,01,[01] 06:38,35_낙성대현대아파트,35,35,낙성대현대아파트,서울70사8904,06:38,2019-09-02 6:38,,0,17
11110537,관악02,01,[01] 06:38,36_인헌초등학교,36,36,인헌초등학교,서울70사8904,06:38,2019-09-02 6:38,,0,17
11110537,관악02,01,[01] 06:38,37_낙성대입구,37,37,낙성대입구,서울70사8904,07:42,2019-09-02 6:38,2019-09-02 7:42,3,20
11110537,관악02,02,[02] 07:42,01_낙성대역,01,38,낙성대역,서울70사8904,07:42,2019-09-02 7:42,2019-09-02 7:46,10,30
11110537,관악02,02,[02] 07:42,02_낙성대입구,02,39,낙성대입구,서울70사8904,07:42,2019-09-02 7:42,2019-09-02 7:56,2,32
11110537,관악02,02,[02] 07:42,03_인헌초등학교,03,40,인헌초등학교,서울70사8904,07:42,2019-09-02 7:42,2019-09-02 7:59,4,36
11110537,관악02,02,[02] 07:42,04_낙성대현대아파트,04,41,낙성대현대아파트,서울70사8904,07:42,2019-09-02 7:42,2019-09-02 8:00,7,43
11110537,관악02,02,[02] 07:42,05_낙성대공원.관악복합평생교육센터,05,42,낙성대공원.관악복합평생교육센터,서울70사8904,07:42,2019-09-02 7:42,2019-09-02 8:02,2,45
11110537,관악02,02,[02] 07:42,06_서울과학전시관,06,43,서울과학전시관,서울70사8904,07:42,2019-09-02 7:42,2019-09-02 8:02,6,51
11110537,관악02,02,[02] 07:42,07_호암교수회관,07,44,호암교수회관,서울70사8904,07:42,2019-09-02 7:42,2019-09-02 8:03,6,57
11110537,관악02,02,[02] 07:42,08_인헌아파트,08,45,인헌아파트,서울70사8904,07:42,2019-09-02 7:42,2019-09-02 8:04,11,68
11110537,관악02,02,[02] 07:42,09_교수아파트,09,46,교수아파트,서울70사8904,07:42,2019-09-02 7:42,2019-09-02 8:06,2,70
11110537,관악02,02,[02] 07:42,10_가족생활동,10,47,가족생활동,서울70사8904,07:42,2019-09-02 7:42,2019-09-02 8:07,2,72
11110537,관악02,02,[02] 07:42,11_서울대후문.연구공원,11,48,서울대후문.연구공원,서울70사8904,07:42,2019-09-02 7:42,2019-09-02 8:07,6,78
11110537,관악02,02,[02] 07:42,12_학부생활관,12,49,학부생활관,서울70사8904,07:42,2019-09-02 7:42,2019-09-02 8:08,1,79
11110537,관악02,02,[02] 07:42,13_대학원생활관,13,50,대학원생활관,서울70사8904,07:42,2019-09-02 7:42,2019-09-02 8:11,4,83
11110537,관악02,02,[02] 07:42,14_기숙사삼거리,14,51,기숙사삼거리,서울70사8904,07:42,2019-09-02 7:42,2019-09-02 8:18,1,84
11110537,관악02,02,[02] 07:42,15_공동기기원,15,52,공동기기원,서울70사8904,07:42,2019-09-02 7:42,2019-09-02 8:23,2,86
11110537,관악02,02,[02] 07:42,16_유전공학연구소.반도체공동연구소,16,53,유전공학연구소.반도체공동연구소,서울70사8904,07:42,2019-09-02 7:42,2019-09-02 8:25,1,87
11110537,관악02,02,[02] 07:42,17_에너지자원연구소,17,54,에너지자원연구소,서울70사8904,07:42,2019-09-02 7:42,2019-09-02 8:27,2,89
11110537,관악02,02,[02] 07:42,18_신소재연구소,18,55,신소재연구소,서울70사8904,07:42,2019-09-02 7:42,,0,89
11110537,관악02,02,[02] 07:42,19_제2파워플랜트,19,56,제2파워플랜트,서울70사8904,07:42,2019-09-02 7:42,,0,89
11110537,관악02,02,[02] 07:42,20_건설환경종합연구소,20,57,건설환경종합연구소,서울70사8904,07:42,2019-09-02 7:42,,0,89
11110537,관악02,02,[02] 07:42,21_제2공학관,21,58,제2공학관,서울70사8904,07:42,2019-09-02 7:42,,0,89
11110537,관악02,02,[02] 07:42,22_유회진학술정보관.제1공학관,22,59,유회진학술정보관.제1공학관,서울70사8904,07:42,2019-09-02 7:42,,0,89
11110537,관악02,02,[02] 07:42,23_유전공학연구소.반도체공동연구소,23,60,유전공학연구소.반도체공동연구소,서울70사8904,07:42,2019-09-02 7:42,,0,89
11110537,관악02,02,[02] 07:42,24_교수회관입구,24,61,교수회관입구,서울70사8904,07:42,2019-09-02 7:42,,0,89
11110537,관악02,02,[02] 07:42,25_관악사삼거리,25,62,관악사삼거리,서울70사8904,07:42,2019-09-02 7:42,,0,89
11110537,관악02,02,[02] 07:42,26_대학원생활관,26,63,대학원생활관,서울70사8904,07:42,2019-09-02 7:42,,0,89
11110537,관악02,02,[02] 07:42,27_노천강당,27,64,노천강당,서울70사8904,07:42,2019-09-02 7:42,,0,89
11110537,관악02,02,[02] 07:42,28_학부생활관,28,65,학부생활관,서울70사8904,07:42,2019-09-02 7:42,,0,89
11110537,관악02,02,[02] 07:42,29_BK국제관,29,66,BK국제관,서울70사8904,07:42,2019-09-02 7:42,,0,89
11110537,관악02,02,[02] 07:42,30_가족생활동,30,67,가족생활동,서울70사8904,07:42,2019-09-02 7:42,,0,89
11110537,관악02,02,[02] 07:42,31_호암교수회관,31,68,호암교수회관,서울70사8904,07:42,2019-09-02 7:42,,0,89
11110537,관악02,02,[02] 07:42,32_인헌아파트,32,69,인헌아파트,서울70사8904,07:42,2019-09-02 7:42,,0,89
11110537,관악02,02,[02] 07:42,33_서울과학전시관,33,70,서울과학전시관,서울70사8904,07:42,2019-09-02 7:42,,0,89
11110537,관악02,02,[02] 07:42,34_낙성대공원.관악복합평생교육센터,34,71,낙성대공원.관악복합평생교육센터,서울70사8904,07:42,2019-09-02 7:42,,0,89
11110537,관악02,02,[02] 07:42,35_낙성대현대아파트,35,72,낙성대현대아파트,서울70사8904,07:42,2019-09-02 7:42,,0,89
11110537,관악02,02,[02] 07:42,36_인헌초등학교,36,73,인헌초등학교,서울70사8904,07:42,2019-09-02 7:42,,0,89
11110537,관악02,02,[02] 07:42,37_낙성대입구,37,74,낙성대입구,서울70사8904,07:42,2019-09-02 7:42,,0,89
11110537,관악02,03,[03] 08:31,01_낙성대역,01,75,낙성대역,서울70사8904,08:31,2019-09-02 8:31,2019-09-02 8:31,13,102
11110537,관악02,03,[03] 08:31,02_낙성대입구,02,76,낙성대입구,서울70사8904,08:31,2019-09-02 8:31,2019-09-02 8:36,1,103
11110537,관악02,03,[03] 08:31,03_인헌초등학교,03,77,인헌초등학교,서울70사8904,08:31,2019-09-02 8:31,,0,103
11110537,관악02,03,[03] 08:31,04_낙성대현대아파트,04,78,낙성대현대아파트,서울70사8904,08:31,2019-09-02 8:31,2019-09-02 8:38,1,104
11110537,관악02,03,[03] 08:31,05_낙성대공원.관악복합평생교육센터,05,79,낙성대공원.관악복합평생교육센터,서울70사8904,08:31,2019-09-02 8:31,,0,104
11110537,관악02,03,[03] 08:31,06_서울과학전시관,06,80,서울과학전시관,서울70사8904,08:31,2019-09-02 8:31,,0,104
11110537,관악02,03,[03] 08:31,07_호암교수회관,07,81,호암교수회관,서울70사8904,08:31,2019-09-02 8:31,2019-09-02 8:41,3,107
11110537,관악02,03,[03] 08:31,08_인헌아파트,08,82,인헌아파트,서울70사8904,08:31,2019-09-02 8:31,,0,107
11110537,관악02,03,[03] 08:31,09_교수아파트,09,83,교수아파트,서울70사8904,08:31,2019-09-02 8:31,,0,107
11110537,관악02,03,[03] 08:31,10_가족생활동,10,84,가족생활동,서울70사8904,08:31,2019-09-02 8:31,,0,107
11110537,관악02,03,[03] 08:31,11_서울대후문.연구공원,11,85,서울대후문.연구공원,서울70사8904,08:31,2019-09-02 8:31,,0,107
11110537,관악02,03,[03] 08:31,12_학부생활관,12,86,학부생활관,서울70사8904,08:31,2019-09-02 8:31,2019-09-02 8:43,2,109
11110537,관악02,03,[03] 08:31,13_대학원생활관,13,87,대학원생활관,서울70사8904,08:31,2019-09-02 8:31,2019-09-02 8:43,3,112
11110537,관악02,03,[03] 08:31,14_기숙사삼거리,14,88,기숙사삼거리,서울70사8904,08:31,2019-09-02 8:31,2019-09-02 8:44,10,122
11110537,관악02,03,[03] 08:31,15_공동기기원,15,89,공동기기원,서울70사8904,08:31,2019-09-02 8:31,2019-09-02 8:49,3,125
11110537,관악02,03,[03] 08:31,16_유전공학연구소.반도체공동연구소,16,90,유전공학연구소.반도체공동연구소,서울70사8904,08:31,2019-09-02 8:31,2019-09-02 8:49,2,127
11110537,관악02,03,[03] 08:31,17_에너지자원연구소,17,91,에너지자원연구소,서울70사8904,08:31,2019-09-02 8:31,2019-09-02 8:50,1,128
11110537,관악02,03,[03] 08:31,18_신소재연구소,18,92,신소재연구소,서울70사8904,08:31,2019-09-02 8:31,2019-09-02 8:51,3,131
11110537,관악02,03,[03] 08:31,19_제2파워플랜트,19,93,제2파워플랜트,서울70사8904,08:31,2019-09-02 8:31,,0,131
11110537,관악02,03,[03] 08:31,20_건설환경종합연구소,20,94,건설환경종합연구소,서울70사8904,08:31,2019-09-02 8:31,,0,131
11110537,관악02,03,[03] 08:31,21_제2공학관,21,95,제2공학관,서울70사8904,08:31,2019-09-02 8:31,2019-09-02 8:54,8,139
11110537,관악02,03,[03] 08:31,22_유회진학술정보관.제1공학관,22,96,유회진학술정보관.제1공학관,서울70사8904,08:31,2019-09-02 8:31,,0,139
11110537,관악02,03,[03] 08:31,23_유전공학연구소.반도체공동연구소,23,97,유전공학연구소.반도체공동연구소,서울70사8904,08:31,2019-09-02 8:31,,0,139
11110537,관악02,03,[03] 08:31,24_교수회관입구,24,98,교수회관입구,서울70사8904,08:31,2019-09-02 8:31,,0,139
11110537,관악02,03,[03] 08:31,25_관악사삼거리,25,99,관악사삼거리,서울70사8904,08:31,2019-09-02 8:31,,0,139
11110537,관악02,03,[03] 08:31,26_대학원생활관,26,100,대학원생활관,서울70사8904,08:31,2019-09-02 8:31,2019-09-02 9:03,1,140
11110537,관악02,03,[03] 08:31,27_노천강당,27,101,노천강당,서울70사8904,08:31,2019-09-02 8:31,2019-09-02 8:46,14,154
11110537,관악02,03,[03] 08:31,28_학부생활관,28,102,학부생활관,서울70사8904,08:31,2019-09-02 8:31,,0,154
11110537,관악02,03,[03] 08:31,29_BK국제관,29,103,BK국제관,서울70사8904,08:31,2019-09-02 8:31,,0,154
11110537,관악02,03,[03] 08:31,30_가족생활동,30,104,가족생활동,서울70사8904,08:31,2019-09-02 8:31,,0,154
11110537,관악02,03,[03] 08:31,31_호암교수회관,31,105,호암교수회관,서울70사8904,08:31,2019-09-02 8:31,,0,154
11110537,관악02,03,[03] 08:31,32_인헌아파트,32,106,인헌아파트,서울70사8904,08:31,2019-09-02 8:31,,0,154
11110537,관악02,03,[03] 08:31,33_서울과학전시관,33,107,서울과학전시관,서울70사8904,08:31,2019-09-02 8:31,,0,154
11110537,관악02,03,[03] 08:31,34_낙성대공원.관악복합평생교육센터,34,108,낙성대공원.관악복합평생교육센터,서울70사8904,08:31,2019-09-02 8:31,,0,154
11110537,관악02,03,[03] 08:31,35_낙성대현대아파트,35,109,낙성대현대아파트,서울70사8904,08:31,2019-09-02 8:31,,0,154
11110537,관악02,03,[03] 08:31,36_인헌초등학교,36,110,인헌초등학교,서울70사8904,08:31,2019-09-02 8:31,,0,154
11110537,관악02,03,[03] 08:31,37_낙성대입구,37,111,낙성대입구,서울70사8904,08:31,2019-09-02 8:31,2019-09-02 9:09,1,155
11110537,관악02,04,[04] 09:10,01_낙성대역,01,112,낙성대역,서울70사8904,09:10,2019-09-02 9:10,2019-09-02 9:10,2,157
11110537,관악02,04,[04] 09:10,02_낙성대입구,02,113,낙성대입구,서울70사8904,09:10,2019-09-02 9:10,2019-09-02 9:19,1,158
11110537,관악02,04,[04] 09:10,03_인헌초등학교,03,114,인헌초등학교,서울70사8904,09:10,2019-09-02 9:10,,0,158
11110537,관악02,04,[04] 09:10,04_낙성대현대아파트,04,115,낙성대현대아파트,서울70사8904,09:10,2019-09-02 9:10,2019-09-02 9:20,1,159
11110537,관악02,04,[04] 09:10,05_낙성대공원.관악복합평생교육센터,05,116,낙성대공원.관악복합평생교육센터,서울70사8904,09:10,2019-09-02 9:10,,0,159
11110537,관악02,04,[04] 09:10,06_서울과학전시관,06,117,서울과학전시관,서울70사8904,09:10,2019-09-02 9:10,2019-09-02 9:22,1,160
11110537,관악02,04,[04] 09:10,07_호암교수회관,07,118,호암교수회관,서울70사8904,09:10,2019-09-02 9:10,2019-09-02 9:23,7,167
11110537,관악02,04,[04] 09:10,08_인헌아파트,08,119,인헌아파트,서울70사8904,09:10,2019-09-02 9:10,,0,167
11110537,관악02,04,[04] 09:10,09_교수아파트,09,120,교수아파트,서울70사8904,09:10,2019-09-02 9:10,,0,167
11110537,관악02,04,[04] 09:10,10_가족생활동,10,121,가족생활동,서울70사8904,09:10,2019-09-02 9:10,,0,167
11110537,관악02,04,[04] 09:10,11_서울대후문.연구공원,11,122,서울대후문.연구공원,서울70사8904,09:10,2019-09-02 9:10,2019-09-02 9:25,1,168
11110537,관악02,04,[04] 09:10,12_학부생활관,12,123,학부생활관,서울70사8904,09:10,2019-09-02 9:10,,0,168
11110537,관악02,04,[04] 09:10,13_대학원생활관,13,124,대학원생활관,서울70사8904,09:10,2019-09-02 9:10,2019-09-02 9:26,2,170
11110537,관악02,04,[04] 09:10,14_기숙사삼거리,14,125,기숙사삼거리,서울70사8904,09:10,2019-09-02 9:10,2019-09-02 9:27,9,179
11110537,관악02,04,[04] 09:10,15_공동기기원,15,126,공동기기원,서울70사8904,09:10,2019-09-02 9:10,2019-09-02 9:31,1,180
11110537,관악02,04,[04] 09:10,16_유전공학연구소.반도체공동연구소,16,127,유전공학연구소.반도체공동연구소,서울70사8904,09:10,2019-09-02 9:10,2019-09-02 9:31,2,182
11110537,관악02,04,[04] 09:10,17_에너지자원연구소,17,128,에너지자원연구소,서울70사8904,09:10,2019-09-02 9:10,2019-09-02 9:32,3,185
11110537,관악02,04,[04] 09:10,18_신소재연구소,18,129,신소재연구소,서울70사8904,09:10,2019-09-02 9:10,2019-09-02 9:33,1,186
11110537,관악02,04,[04] 09:10,19_제2파워플랜트,19,130,제2파워플랜트,서울70사8904,09:10,2019-09-02 9:10,,0,186
11110537,관악02,04,[04] 09:10,20_건설환경종합연구소,20,131,건설환경종합연구소,서울70사8904,09:10,2019-09-02 9:10,2019-09-02 9:34,4,190
11110537,관악02,04,[04] 09:10,21_제2공학관,21,132,제2공학관,서울70사8904,09:10,2019-09-02 9:10,2019-09-02 9:35,6,196
11110537,관악02,04,[04] 09:10,22_유회진학술정보관.제1공학관,22,133,유회진학술정보관.제1공학관,서울70사8904,09:10,2019-09-02 9:10,,0,196
11110537,관악02,04,[04] 09:10,23_유전공학연구소.반도체공동연구소,23,134,유전공학연구소.반도체공동연구소,서울70사8904,09:10,2019-09-02 9:10,,0,196
11110537,관악02,04,[04] 09:10,24_교수회관입구,24,135,교수회관입구,서울70사8904,09:10,2019-09-02 9:10,,0,196
11110537,관악02,04,[04] 09:10,25_관악사삼거리,25,136,관악사삼거리,서울70사8904,09:10,2019-09-02 9:10,,0,196
11110537,관악02,04,[04] 09:10,26_대학원생활관,26,137,대학원생활관,서울70사8904,09:10,2019-09-02 9:10,,0,196
11110537,관악02,04,[04] 09:10,27_노천강당,27,138,노천강당,서울70사8904,09:10,2019-09-02 9:10,2019-09-02 9:28,13,209
11110537,관악02,04,[04] 09:10,28_학부생활관,28,139,학부생활관,서울70사8904,09:10,2019-09-02 9:10,,0,209
11110537,관악02,04,[04] 09:10,29_BK국제관,29,140,BK국제관,서울70사8904,09:10,2019-09-02 9:10,,0,209
11110537,관악02,04,[04] 09:10,30_가족생활동,30,141,가족생활동,서울70사8904,09:10,2019-09-02 9:10,,0,209
11110537,관악02,04,[04] 09:10,31_호암교수회관,31,142,호암교수회관,서울70사8904,09:10,2019-09-02 9:10,,0,209
11110537,관악02,04,[04] 09:10,32_인헌아파트,32,143,인헌아파트,서울70사8904,09:10,2019-09-02 9:10,2019-09-02 9:50,2,211
11110537,관악02,04,[04] 09:10,33_서울과학전시관,33,144,서울과학전시관,서울70사8904,09:10,2019-09-02 9:10,,0,211
11110537,관악02,04,[04] 09:10,34_낙성대공원.관악복합평생교육센터,34,145,낙성대공원.관악복합평생교육센터,서울70사8904,09:10,2019-09-02 9:10,,0,211
11110537,관악02,04,[04] 09:10,35_낙성대현대아파트,35,146,낙성대현대아파트,서울70사8904,09:10,2019-09-02 9:10,,0,211
11110537,관악02,04,[04] 09:10,36_인헌초등학교,36,147,인헌초등학교,서울70사8904,09:10,2019-09-02 9:10,2019-09-02 9:54,1,212
11110537,관악02,04,[04] 09:10,37_낙성대입구,37,148,낙성대입구,서울70사8904,09:10,2019-09-02 9:10,2019-09-02 9:54,1,213
11110537,관악02,05,[05] 09:55,01_낙성대역,01,149,낙성대역,서울70사8904,09:55,2019-09-02 9:55,2019-09-02 9:55,8,221
11110537,관악02,05,[05] 09:55,02_낙성대입구,02,150,낙성대입구,서울70사8904,09:55,2019-09-02 9:55,,0,221
11110537,관악02,05,[05] 09:55,03_인헌초등학교,03,151,인헌초등학교,서울70사8904,09:55,2019-09-02 9:55,,0,221
11110537,관악02,05,[05] 09:55,04_낙성대현대아파트,04,152,낙성대현대아파트,서울70사8904,09:55,2019-09-02 9:55,,0,221
11110537,관악02,05,[05] 09:55,05_낙성대공원.관악복합평생교육센터,05,153,낙성대공원.관악복합평생교육센터,서울70사8904,09:55,2019-09-02 9:55,,0,221
11110537,관악02,05,[05] 09:55,06_서울과학전시관,06,154,서울과학전시관,서울70사8904,09:55,2019-09-02 9:55,,0,221
11110537,관악02,05,[05] 09:55,07_호암교수회관,07,155,호암교수회관,서울70사8904,09:55,2019-09-02 9:55,2019-09-02 10:11,4,225
11110537,관악02,05,[05] 09:55,08_인헌아파트,08,156,인헌아파트,서울70사8904,09:55,2019-09-02 9:55,,0,225
11110537,관악02,05,[05] 09:55,09_교수아파트,09,157,교수아파트,서울70사8904,09:55,2019-09-02 9:55,,0,225
11110537,관악02,05,[05] 09:55,10_가족생활동,10,158,가족생활동,서울70사8904,09:55,2019-09-02 9:55,,0,225
11110537,관악02,05,[05] 09:55,11_서울대후문.연구공원,11,159,서울대후문.연구공원,서울70사8904,09:55,2019-09-02 9:55,,0,225
11110537,관악02,05,[05] 09:55,12_학부생활관,12,160,학부생활관,서울70사8904,09:55,2019-09-02 9:55,2019-09-02 10:14,1,226
11110537,관악02,05,[05] 09:55,13_대학원생활관,13,161,대학원생활관,서울70사8904,09:55,2019-09-02 9:55,,0,226
11110537,관악02,05,[05] 09:55,14_기숙사삼거리,14,162,기숙사삼거리,서울70사8904,09:55,2019-09-02 9:55,2019-09-02 10:15,6,232
11110537,관악02,05,[05] 09:55,15_공동기기원,15,163,공동기기원,서울70사8904,09:55,2019-09-02 9:55,2019-09-02 10:18,1,233
11110537,관악02,05,[05] 09:55,16_유전공학연구소.반도체공동연구소,16,164,유전공학연구소.반도체공동연구소,서울70사8904,09:55,2019-09-02 9:55,,0,233
11110537,관악02,05,[05] 09:55,17_에너지자원연구소,17,165,에너지자원연구소,서울70사8904,09:55,2019-09-02 9:55,,0,233
11110537,관악02,05,[05] 09:55,18_신소재연구소,18,166,신소재연구소,서울70사8904,09:55,2019-09-02 9:55,2019-09-02 10:20,2,235
11110537,관악02,05,[05] 09:55,19_제2파워플랜트,19,167,제2파워플랜트,서울70사8904,09:55,2019-09-02 9:55,2019-09-02 10:22,1,236
11110537,관악02,05,[05] 09:55,20_건설환경종합연구소,20,168,건설환경종합연구소,서울70사8904,09:55,2019-09-02 9:55,2019-09-02 10:22,4,240
11110537,관악02,05,[05] 09:55,21_제2공학관,21,169,제2공학관,서울70사8904,09:55,2019-09-02 9:55,2019-09-02 10:23,7,247
11110537,관악02,05,[05] 09:55,22_유회진학술정보관.제1공학관,22,170,유회진학술정보관.제1공학관,서울70사8904,09:55,2019-09-02 9:55,,0,247
11110537,관악02,05,[05] 09:55,23_유전공학연구소.반도체공동연구소,23,171,유전공학연구소.반도체공동연구소,서울70사8904,09:55,2019-09-02 9:55,,0,247
11110537,관악02,05,[05] 09:55,24_교수회관입구,24,172,교수회관입구,서울70사8904,09:55,2019-09-02 9:55,,0,247
11110537,관악02,05,[05] 09:55,25_관악사삼거리,25,173,관악사삼거리,서울70사8904,09:55,2019-09-02 9:55,,0,247
11110537,관악02,05,[05] 09:55,26_대학원생활관,26,174,대학원생활관,서울70사8904,09:55,2019-09-02 9:55,,0,247
11110537,관악02,05,[05] 09:55,27_노천강당,27,175,노천강당,서울70사8904,09:55,2019-09-02 9:55,2019-09-02 10:16,11,258
11110537,관악02,05,[05] 09:55,28_학부생활관,28,176,학부생활관,서울70사8904,09:55,2019-09-02 9:55,2019-09-02 10:43,1,259
11110537,관악02,05,[05] 09:55,29_BK국제관,29,177,BK국제관,서울70사8904,09:55,2019-09-02 9:55,,0,259
11110537,관악02,05,[05] 09:55,30_가족생활동,30,178,가족생활동,서울70사8904,09:55,2019-09-02 9:55,,0,259
11110537,관악02,05,[05] 09:55,31_호암교수회관,31,179,호암교수회관,서울70사8904,09:55,2019-09-02 9:55,,0,259
11110537,관악02,05,[05] 09:55,32_인헌아파트,32,180,인헌아파트,서울70사8904,09:55,2019-09-02 9:55,,0,259
11110537,관악02,05,[05] 09:55,33_서울과학전시관,33,181,서울과학전시관,서울70사8904,09:55,2019-09-02 9:55,,0,259
11110537,관악02,05,[05] 09:55,34_낙성대공원.관악복합평생교육센터,34,182,낙성대공원.관악복합평생교육센터,서울70사8904,09:55,2019-09-02 9:55,,0,259
11110537,관악02,05,[05] 09:55,35_낙성대현대아파트,35,183,낙성대현대아파트,서울70사8904,09:55,2019-09-02 9:55,,0,259
11110537,관악02,05,[05] 09:55,36_인헌초등학교,36,184,인헌초등학교,서울70사8904,09:55,2019-09-02 9:55,,0,259
11110537,관악02,05,[05] 09:55,37_낙성대입구,37,185,낙성대입구,서울70사8904,09:55,2019-09-02 9:55,,0,259
11110537,관악02,06,[06] 10:51,01_낙성대역,01,186,낙성대역,서울70사8904,10:51,2019-09-02 10:51,2019-09-02 10:51,5,264
11110537,관악02,06,[06] 10:51,02_낙성대입구,02,187,낙성대입구,서울70사8904,10:51,2019-09-02 10:51,,0,264
11110537,관악02,06,[06] 10:51,03_인헌초등학교,03,188,인헌초등학교,서울70사8904,10:51,2019-09-02 10:51,2019-09-02 11:04,1,265
11110537,관악02,06,[06] 10:51,04_낙성대현대아파트,04,189,낙성대현대아파트,서울70사8904,10:51,2019-09-02 10:51,,0,265
11110537,관악02,06,[06] 10:51,05_낙성대공원.관악복합평생교육센터,05,190,낙성대공원.관악복합평생교육센터,서울70사8904,10:51,2019-09-02 10:51,,0,265
11110537,관악02,06,[06] 10:51,06_서울과학전시관,06,191,서울과학전시관,서울70사8904,10:51,2019-09-02 10:51,,0,265
11110537,관악02,06,[06] 10:51,07_호암교수회관,07,192,호암교수회관,서울70사8904,10:51,2019-09-02 10:51,2019-09-02 11:06,2,267
11110537,관악02,06,[06] 10:51,08_인헌아파트,08,193,인헌아파트,서울70사8904,10:51,2019-09-02 10:51,,0,267
11110537,관악02,06,[06] 10:51,09_교수아파트,09,194,교수아파트,서울70사8904,10:51,2019-09-02 10:51,,0,267
11110537,관악02,06,[06] 10:51,10_가족생활동,10,195,가족생활동,서울70사8904,10:51,2019-09-02 10:51,2019-09-02 11:09,1,268
11110537,관악02,06,[06] 10:51,11_서울대후문.연구공원,11,196,서울대후문.연구공원,서울70사8904,10:51,2019-09-02 10:51,,0,268
11110537,관악02,06,[06] 10:51,12_학부생활관,12,197,학부생활관,서울70사8904,10:51,2019-09-02 10:51,,0,268
11110537,관악02,06,[06] 10:51,13_대학원생활관,13,198,대학원생활관,서울70사8904,10:51,2019-09-02 10:51,2019-09-02 11:11,3,271
11110537,관악02,06,[06] 10:51,14_기숙사삼거리,14,199,기숙사삼거리,서울70사8904,10:51,2019-09-02 10:51,2019-09-02 11:12,5,276
11110537,관악02,06,[06] 10:51,15_공동기기원,15,200,공동기기원,서울70사8904,10:51,2019-09-02 10:51,2019-09-02 11:15,3,279
11110537,관악02,06,[06] 10:51,16_유전공학연구소.반도체공동연구소,16,201,유전공학연구소.반도체공동연구소,서울70사8904,10:51,2019-09-02 10:51,2019-09-02 11:15,1,280
11110537,관악02,06,[06] 10:51,17_에너지자원연구소,17,202,에너지자원연구소,서울70사8904,10:51,2019-09-02 10:51,2019-09-02 11:16,2,282
11110537,관악02,06,[06] 10:51,18_신소재연구소,18,203,신소재연구소,서울70사8904,10:51,2019-09-02 10:51,2019-09-02 11:17,2,284
11110537,관악02,06,[06] 10:51,19_제2파워플랜트,19,204,제2파워플랜트,서울70사8904,10:51,2019-09-02 10:51,,0,284
11110537,관악02,06,[06] 10:51,20_건설환경종합연구소,20,205,건설환경종합연구소,서울70사8904,10:51,2019-09-02 10:51,,0,284
11110537,관악02,06,[06] 10:51,21_제2공학관,21,206,제2공학관,서울70사8904,10:51,2019-09-02 10:51,2019-09-02 11:20,6,290
11110537,관악02,06,[06] 10:51,22_유회진학술정보관.제1공학관,22,207,유회진학술정보관.제1공학관,서울70사8904,10:51,2019-09-02 10:51,2019-09-02 11:32,1,291
11110537,관악02,06,[06] 10:51,23_유전공학연구소.반도체공동연구소,23,208,유전공학연구소.반도체공동연구소,서울70사8904,10:51,2019-09-02 10:51,,0,291
11110537,관악02,06,[06] 10:51,24_교수회관입구,24,209,교수회관입구,서울70사8904,10:51,2019-09-02 10:51,,0,291
11110537,관악02,06,[06] 10:51,25_관악사삼거리,25,210,관악사삼거리,서울70사8904,10:51,2019-09-02 10:51,,0,291
11110537,관악02,06,[06] 10:51,26_대학원생활관,26,211,대학원생활관,서울70사8904,10:51,2019-09-02 10:51,,0,291
11110537,관악02,06,[06] 10:51,27_노천강당,27,212,노천강당,서울70사8904,10:51,2019-09-02 10:51,2019-09-02 11:13,7,298
11110537,관악02,06,[06] 10:51,28_학부생활관,28,213,학부생활관,서울70사8904,10:51,2019-09-02 10:51,,0,298
11110537,관악02,06,[06] 10:51,29_BK국제관,29,214,BK국제관,서울70사8904,10:51,2019-09-02 10:51,,0,298
11110537,관악02,06,[06] 10:51,30_가족생활동,30,215,가족생활동,서울70사8904,10:51,2019-09-02 10:51,,0,298
11110537,관악02,06,[06] 10:51,31_호암교수회관,31,216,호암교수회관,서울70사8904,10:51,2019-09-02 10:51,,0,298
11110537,관악02,06,[06] 10:51,32_인헌아파트,32,217,인헌아파트,서울70사8904,10:51,2019-09-02 10:51,,0,298
11110537,관악02,06,[06] 10:51,33_서울과학전시관,33,218,서울과학전시관,서울70사8904,10:51,2019-09-02 10:51,,0,298
11110537,관악02,06,[06] 10:51,34_낙성대공원.관악복합평생교육센터,34,219,낙성대공원.관악복합평생교육센터,서울70사8904,10:51,2019-09-02 10:51,,0,298
11110537,관악02,06,[06] 10:51,35_낙성대현대아파트,35,220,낙성대현대아파트,서울70사8904,10:51,2019-09-02 10:51,,0,298
11110537,관악02,06,[06] 10:51,36_인헌초등학교,36,221,인헌초등학교,서울70사8904,10:51,2019-09-02 10:51,,0,298
11110537,관악02,06,[06] 10:51,37_낙성대입구,37,222,낙성대입구,서울70사8904,10:51,2019-09-02 10:51,2019-09-02 11:52,5,303
11110537,관악02,07,[07] 11:54,01_낙성대역,01,223,낙성대역,서울70사8904,11:54,2019-09-02 11:54,2019-09-02 11:54,14,317
11110537,관악02,07,[07] 11:54,02_낙성대입구,02,224,낙성대입구,서울70사8904,11:54,2019-09-02 11:54,,0,317
11110537,관악02,07,[07] 11:54,03_인헌초등학교,03,225,인헌초등학교,서울70사8904,11:54,2019-09-02 11:54,,0,317
11110537,관악02,07,[07] 11:54,04_낙성대현대아파트,04,226,낙성대현대아파트,서울70사8904,11:54,2019-09-02 11:54,,0,317
11110537,관악02,07,[07] 11:54,05_낙성대공원.관악복합평생교육센터,05,227,낙성대공원.관악복합평생교육센터,서울70사8904,11:54,2019-09-02 11:54,,0,317
11110537,관악02,07,[07] 11:54,06_서울과학전시관,06,228,서울과학전시관,서울70사8904,11:54,2019-09-02 11:54,,0,317
11110537,관악02,07,[07] 11:54,07_호암교수회관,07,229,호암교수회관,서울70사8904,11:54,2019-09-02 11:54,2019-09-02 12:07,3,320
11110537,관악02,07,[07] 11:54,08_인헌아파트,08,230,인헌아파트,서울70사8904,11:54,2019-09-02 11:54,,0,320
11110537,관악02,07,[07] 11:54,09_교수아파트,09,231,교수아파트,서울70사8904,11:54,2019-09-02 11:54,,0,320
11110537,관악02,07,[07] 11:54,10_가족생활동,10,232,가족생활동,서울70사8904,11:54,2019-09-02 11:54,,0,320
11110537,관악02,07,[07] 11:54,11_서울대후문.연구공원,11,233,서울대후문.연구공원,서울70사8904,11:54,2019-09-02 11:54,,0,320
11110537,관악02,07,[07] 11:54,12_학부생활관,12,234,학부생활관,서울70사8904,11:54,2019-09-02 11:54,2019-09-02 12:11,2,322
11110537,관악02,07,[07] 11:54,13_대학원생활관,13,235,대학원생활관,서울70사8904,11:54,2019-09-02 11:54,2019-09-02 12:12,2,324
11110537,관악02,07,[07] 11:54,14_기숙사삼거리,14,236,기숙사삼거리,서울70사8904,11:54,2019-09-02 11:54,2019-09-02 12:13,16,340
11110537,관악02,07,[07] 11:54,15_공동기기원,15,237,공동기기원,서울70사8904,11:54,2019-09-02 11:54,2019-09-02 12:16,2,342
11110537,관악02,07,[07] 11:54,16_유전공학연구소.반도체공동연구소,16,238,유전공학연구소.반도체공동연구소,서울70사8904,11:54,2019-09-02 11:54,2019-09-02 12:18,2,344
11110537,관악02,07,[07] 11:54,17_에너지자원연구소,17,239,에너지자원연구소,서울70사8904,11:54,2019-09-02 11:54,,0,344
11110537,관악02,07,[07] 11:54,18_신소재연구소,18,240,신소재연구소,서울70사8904,11:54,2019-09-02 11:54,,0,344
11110537,관악02,07,[07] 11:54,19_제2파워플랜트,19,241,제2파워플랜트,서울70사8904,11:54,2019-09-02 11:54,,0,344
11110537,관악02,07,[07] 11:54,20_건설환경종합연구소,20,242,건설환경종합연구소,서울70사8904,11:54,2019-09-02 11:54,,0,344
11110537,관악02,07,[07] 11:54,21_제2공학관,21,243,제2공학관,서울70사8904,11:54,2019-09-02 11:54,2019-09-02 12:21,3,347
11110537,관악02,07,[07] 11:54,22_유회진학술정보관.제1공학관,22,244,유회진학술정보관.제1공학관,서울70사8904,11:54,2019-09-02 11:54,,0,347
11110537,관악02,07,[07] 11:54,23_유전공학연구소.반도체공동연구소,23,245,유전공학연구소.반도체공동연구소,서울70사8904,11:54,2019-09-02 11:54,,0,347
11110537,관악02,07,[07] 11:54,24_교수회관입구,24,246,교수회관입구,서울70사8904,11:54,2019-09-02 11:54,,0,347
11110537,관악02,07,[07] 11:54,25_관악사삼거리,25,247,관악사삼거리,서울70사8904,11:54,2019-09-02 11:54,,0,347
11110537,관악02,07,[07] 11:54,26_대학원생활관,26,248,대학원생활관,서울70사8904,11:54,2019-09-02 11:54,,0,347
11110537,관악02,07,[07] 11:54,27_노천강당,27,249,노천강당,서울70사8904,11:54,2019-09-02 11:54,2019-09-02 12:14,10,357
11110537,관악02,07,[07] 11:54,28_학부생활관,28,250,학부생활관,서울70사8904,11:54,2019-09-02 11:54,2019-09-02 12:40,2,359
11110537,관악02,07,[07] 11:54,29_BK국제관,29,251,BK국제관,서울70사8904,11:54,2019-09-02 11:54,,0,359
11110537,관악02,07,[07] 11:54,30_가족생활동,30,252,가족생활동,서울70사8904,11:54,2019-09-02 11:54,,0,359
11110537,관악02,07,[07] 11:54,31_호암교수회관,31,253,호암교수회관,서울70사8904,11:54,2019-09-02 11:54,2019-09-02 12:42,1,360
11110537,관악02,07,[07] 11:54,32_인헌아파트,32,254,인헌아파트,서울70사8904,11:54,2019-09-02 11:54,,0,360
11110537,관악02,07,[07] 11:54,33_서울과학전시관,33,255,서울과학전시관,서울70사8904,11:54,2019-09-02 11:54,,0,360
11110537,관악02,07,[07] 11:54,34_낙성대공원.관악복합평생교육센터,34,256,낙성대공원.관악복합평생교육센터,서울70사8904,11:54,2019-09-02 11:54,2019-09-02 12:45,1,361
11110537,관악02,07,[07] 11:54,35_낙성대현대아파트,35,257,낙성대현대아파트,서울70사8904,11:54,2019-09-02 11:54,,0,361
11110537,관악02,07,[07] 11:54,36_인헌초등학교,36,258,인헌초등학교,서울70사8904,11:54,2019-09-02 11:54,2019-09-02 12:46,1,362
11110537,관악02,07,[07] 11:54,37_낙성대입구,37,259,낙성대입구,서울70사8904,11:54,2019-09-02 11:54,2019-09-02 12:46,4,366
11110537,관악02,08,[08] 12:48,01_낙성대역,01,260,낙성대역,서울70사8904,12:48,2019-09-02 12:48,2019-09-02 12:48,10,376
11110537,관악02,08,[08] 12:48,02_낙성대입구,02,261,낙성대입구,서울70사8904,12:48,2019-09-02 12:48,,0,376
11110537,관악02,08,[08] 12:48,03_인헌초등학교,03,262,인헌초등학교,서울70사8904,12:48,2019-09-02 12:48,2019-09-02 12:58,1,377
11110537,관악02,08,[08] 12:48,04_낙성대현대아파트,04,263,낙성대현대아파트,서울70사8904,12:48,2019-09-02 12:48,2019-09-02 12:59,1,378
11110537,관악02,08,[08] 12:48,05_낙성대공원.관악복합평생교육센터,05,264,낙성대공원.관악복합평생교육센터,서울70사8904,12:48,2019-09-02 12:48,,0,378
11110537,관악02,08,[08] 12:48,06_서울과학전시관,06,265,서울과학전시관,서울70사8904,12:48,2019-09-02 12:48,,0,378
11110537,관악02,08,[08] 12:48,07_호암교수회관,07,266,호암교수회관,서울70사8904,12:48,2019-09-02 12:48,,0,378
11110537,관악02,08,[08] 12:48,08_인헌아파트,08,267,인헌아파트,서울70사8904,12:48,2019-09-02 12:48,,0,378
11110537,관악02,08,[08] 12:48,09_교수아파트,09,268,교수아파트,서울70사8904,12:48,2019-09-02 12:48,,0,378
11110537,관악02,08,[08] 12:48,10_가족생활동,10,269,가족생활동,서울70사8904,12:48,2019-09-02 12:48,2019-09-02 13:04,4,382
11110537,관악02,08,[08] 12:48,11_서울대후문.연구공원,11,270,서울대후문.연구공원,서울70사8904,12:48,2019-09-02 12:48,2019-09-02 13:05,4,386
11110537,관악02,08,[08] 12:48,12_학부생활관,12,271,학부생활관,서울70사8904,12:48,2019-09-02 12:48,2019-09-02 13:06,1,387
11110537,관악02,08,[08] 12:48,13_대학원생활관,13,272,대학원생활관,서울70사8904,12:48,2019-09-02 12:48,2019-09-02 13:06,6,393
11110537,관악02,08,[08] 12:48,14_기숙사삼거리,14,273,기숙사삼거리,서울70사8904,12:48,2019-09-02 12:48,2019-09-02 13:07,4,397
11110537,관악02,08,[08] 12:48,15_공동기기원,15,274,공동기기원,서울70사8904,12:48,2019-09-02 12:48,2019-09-02 13:10,1,398
11110537,관악02,08,[08] 12:48,16_유전공학연구소.반도체공동연구소,16,275,유전공학연구소.반도체공동연구소,서울70사8904,12:48,2019-09-02 12:48,2019-09-02 13:11,1,399
11110537,관악02,08,[08] 12:48,17_에너지자원연구소,17,276,에너지자원연구소,서울70사8904,12:48,2019-09-02 12:48,,0,399
11110537,관악02,08,[08] 12:48,18_신소재연구소,18,277,신소재연구소,서울70사8904,12:48,2019-09-02 12:48,2019-09-02 13:12,1,400
11110537,관악02,08,[08] 12:48,19_제2파워플랜트,19,278,제2파워플랜트,서울70사8904,12:48,2019-09-02 12:48,,0,400
11110537,관악02,08,[08] 12:48,20_건설환경종합연구소,20,279,건설환경종합연구소,서울70사8904,12:48,2019-09-02 12:48,,0,400
11110537,관악02,08,[08] 12:48,21_제2공학관,21,280,제2공학관,서울70사8904,12:48,2019-09-02 12:48,2019-09-02 13:15,1,401
11110537,관악02,08,[08] 12:48,22_유회진학술정보관.제1공학관,22,281,유회진학술정보관.제1공학관,서울70사8904,12:48,2019-09-02 12:48,,0,401
11110537,관악02,08,[08] 12:48,23_유전공학연구소.반도체공동연구소,23,282,유전공학연구소.반도체공동연구소,서울70사8904,12:48,2019-09-02 12:48,,0,401
11110537,관악02,08,[08] 12:48,24_교수회관입구,24,283,교수회관입구,서울70사8904,12:48,2019-09-02 12:48,,0,401
11110537,관악02,08,[08] 12:48,25_관악사삼거리,25,284,관악사삼거리,서울70사8904,12:48,2019-09-02 12:48,,0,401
11110537,관악02,08,[08] 12:48,26_대학원생활관,26,285,대학원생활관,서울70사8904,12:48,2019-09-02 12:48,,0,401
11110537,관악02,08,[08] 12:48,27_노천강당,27,286,노천강당,서울70사8904,12:48,2019-09-02 12:48,2019-09-02 13:08,5,406
11110537,관악02,08,[08] 12:48,28_학부생활관,28,287,학부생활관,서울70사8904,12:48,2019-09-02 12:48,,0,406
11110537,관악02,08,[08] 12:48,29_BK국제관,29,288,BK국제관,서울70사8904,12:48,2019-09-02 12:48,,0,406
11110537,관악02,08,[08] 12:48,30_가족생활동,30,289,가족생활동,서울70사8904,12:48,2019-09-02 12:48,,0,406
11110537,관악02,08,[08] 12:48,31_호암교수회관,31,290,호암교수회관,서울70사8904,12:48,2019-09-02 12:48,,0,406
11110537,관악02,08,[08] 12:48,32_인헌아파트,32,291,인헌아파트,서울70사8904,12:48,2019-09-02 12:48,2019-09-02 14:04,3,409
11110537,관악02,08,[08] 12:48,33_서울과학전시관,33,292,서울과학전시관,서울70사8904,12:48,2019-09-02 12:48,,0,409
11110537,관악02,08,[08] 12:48,34_낙성대공원.관악복합평생교육센터,34,293,낙성대공원.관악복합평생교육센터,서울70사8904,12:48,2019-09-02 12:48,,0,409
11110537,관악02,08,[08] 12:48,35_낙성대현대아파트,35,294,낙성대현대아파트,서울70사8904,12:48,2019-09-02 12:48,,0,409
11110537,관악02,08,[08] 12:48,36_인헌초등학교,36,295,인헌초등학교,서울70사8904,12:48,2019-09-02 12:48,2019-09-02 14:08,1,410
11110537,관악02,08,[08] 12:48,37_낙성대입구,37,296,낙성대입구,서울70사8904,12:48,2019-09-02 12:48,2019-09-02 14:08,7,417
11110537,관악02,09,[09] 14:09,01_낙성대역,01,297,낙성대역,서울70사8904,14:09,2019-09-02 14:09,2019-09-02 14:09,7,424
11110537,관악02,09,[09] 14:09,02_낙성대입구,02,298,낙성대입구,서울70사8904,14:09,2019-09-02 14:09,,0,424
11110537,관악02,09,[09] 14:09,03_인헌초등학교,03,299,인헌초등학교,서울70사8904,14:09,2019-09-02 14:09,,0,424
11110537,관악02,09,[09] 14:09,04_낙성대현대아파트,04,300,낙성대현대아파트,서울70사8904,14:09,2019-09-02 14:09,,0,424
11110537,관악02,09,[09] 14:09,05_낙성대공원.관악복합평생교육센터,05,301,낙성대공원.관악복합평생교육센터,서울70사8904,14:09,2019-09-02 14:09,,0,424
11110537,관악02,09,[09] 14:09,06_서울과학전시관,06,302,서울과학전시관,서울70사8904,14:09,2019-09-02 14:09,,0,424
11110537,관악02,09,[09] 14:09,07_호암교수회관,07,303,호암교수회관,서울70사8904,14:09,2019-09-02 14:09,2019-09-02 14:24,2,426
11110537,관악02,09,[09] 14:09,08_인헌아파트,08,304,인헌아파트,서울70사8904,14:09,2019-09-02 14:09,,0,426
11110537,관악02,09,[09] 14:09,09_교수아파트,09,305,교수아파트,서울70사8904,14:09,2019-09-02 14:09,,0,426
11110537,관악02,09,[09] 14:09,10_가족생활동,10,306,가족생활동,서울70사8904,14:09,2019-09-02 14:09,,0,426
11110537,관악02,09,[09] 14:09,11_서울대후문.연구공원,11,307,서울대후문.연구공원,서울70사8904,14:09,2019-09-02 14:09,2019-09-02 14:27,2,428
11110537,관악02,09,[09] 14:09,12_학부생활관,12,308,학부생활관,서울70사8904,14:09,2019-09-02 14:09,2019-09-02 14:28,2,430
11110537,관악02,09,[09] 14:09,13_대학원생활관,13,309,대학원생활관,서울70사8904,14:09,2019-09-02 14:09,2019-09-02 14:29,4,434
11110537,관악02,09,[09] 14:09,14_기숙사삼거리,14,310,기숙사삼거리,서울70사8904,14:09,2019-09-02 14:09,2019-09-02 14:30,3,437
11110537,관악02,09,[09] 14:09,15_공동기기원,15,311,공동기기원,서울70사8904,14:09,2019-09-02 14:09,2019-09-02 14:33,1,438
11110537,관악02,09,[09] 14:09,16_유전공학연구소.반도체공동연구소,16,312,유전공학연구소.반도체공동연구소,서울70사8904,14:09,2019-09-02 14:09,,0,438
11110537,관악02,09,[09] 14:09,17_에너지자원연구소,17,313,에너지자원연구소,서울70사8904,14:09,2019-09-02 14:09,,0,438
11110537,관악02,09,[09] 14:09,18_신소재연구소,18,314,신소재연구소,서울70사8904,14:09,2019-09-02 14:09,,0,438
11110537,관악02,09,[09] 14:09,19_제2파워플랜트,19,315,제2파워플랜트,서울70사8904,14:09,2019-09-02 14:09,,0,438
11110537,관악02,09,[09] 14:09,20_건설환경종합연구소,20,316,건설환경종합연구소,서울70사8904,14:09,2019-09-02 14:09,,0,438
11110537,관악02,09,[09] 14:09,21_제2공학관,21,317,제2공학관,서울70사8904,14:09,2019-09-02 14:09,2019-09-02 14:38,2,440
11110537,관악02,09,[09] 14:09,22_유회진학술정보관.제1공학관,22,318,유회진학술정보관.제1공학관,서울70사8904,14:09,2019-09-02 14:09,,0,440
11110537,관악02,09,[09] 14:09,23_유전공학연구소.반도체공동연구소,23,319,유전공학연구소.반도체공동연구소,서울70사8904,14:09,2019-09-02 14:09,,0,440
11110537,관악02,09,[09] 14:09,24_교수회관입구,24,320,교수회관입구,서울70사8904,14:09,2019-09-02 14:09,,0,440
11110537,관악02,09,[09] 14:09,25_관악사삼거리,25,321,관악사삼거리,서울70사8904,14:09,2019-09-02 14:09,,0,440
11110537,관악02,09,[09] 14:09,26_대학원생활관,26,322,대학원생활관,서울70사8904,14:09,2019-09-02 14:09,2019-09-02 14:52,1,441
11110537,관악02,09,[09] 14:09,27_노천강당,27,323,노천강당,서울70사8904,14:09,2019-09-02 14:09,2019-09-02 14:31,5,446
11110537,관악02,09,[09] 14:09,28_학부생활관,28,324,학부생활관,서울70사8904,14:09,2019-09-02 14:09,,0,446
11110537,관악02,09,[09] 14:09,29_BK국제관,29,325,BK국제관,서울70사8904,14:09,2019-09-02 14:09,2019-09-02 14:53,6,452
11110537,관악02,09,[09] 14:09,30_가족생활동,30,326,가족생활동,서울70사8904,14:09,2019-09-02 14:09,,0,452
11110537,관악02,09,[09] 14:09,31_호암교수회관,31,327,호암교수회관,서울70사8904,14:09,2019-09-02 14:09,2019-09-02 14:56,2,454
11110537,관악02,09,[09] 14:09,32_인헌아파트,32,328,인헌아파트,서울70사8904,14:09,2019-09-02 14:09,,0,454
11110537,관악02,09,[09] 14:09,33_서울과학전시관,33,329,서울과학전시관,서울70사8904,14:09,2019-09-02 14:09,,0,454
11110537,관악02,09,[09] 14:09,34_낙성대공원.관악복합평생교육센터,34,330,낙성대공원.관악복합평생교육센터,서울70사8904,14:09,2019-09-02 14:09,,0,454
11110537,관악02,09,[09] 14:09,35_낙성대현대아파트,35,331,낙성대현대아파트,서울70사8904,14:09,2019-09-02 14:09,2019-09-02 14:59,1,455
11110537,관악02,09,[09] 14:09,36_인헌초등학교,36,332,인헌초등학교,서울70사8904,14:09,2019-09-02 14:09,2019-09-02 15:00,4,459
11110537,관악02,09,[09] 14:09,37_낙성대입구,37,333,낙성대입구,서울70사8904,14:09,2019-09-02 14:09,2019-09-02 15:01,5,464
11110537,관악02,10,[10] 15:03,01_낙성대역,01,334,낙성대역,서울70사8904,15:03,2019-09-02 15:03,2019-09-02 15:03,35,499
11110537,관악02,10,[10] 15:03,02_낙성대입구,02,335,낙성대입구,서울70사8904,15:03,2019-09-02 15:03,,0,499
11110537,관악02,10,[10] 15:03,03_인헌초등학교,03,336,인헌초등학교,서울70사8904,15:03,2019-09-02 15:03,,0,499
11110537,관악02,10,[10] 15:03,04_낙성대현대아파트,04,337,낙성대현대아파트,서울70사8904,15:03,2019-09-02 15:03,,0,499
11110537,관악02,10,[10] 15:03,05_낙성대공원.관악복합평생교육센터,05,338,낙성대공원.관악복합평생교육센터,서울70사8904,15:03,2019-09-02 15:03,,0,499
11110537,관악02,10,[10] 15:03,06_서울과학전시관,06,339,서울과학전시관,서울70사8904,15:03,2019-09-02 15:03,,0,499
11110537,관악02,10,[10] 15:03,07_호암교수회관,07,340,호암교수회관,서울70사8904,15:03,2019-09-02 15:03,2019-09-02 15:13,1,500
11110537,관악02,10,[10] 15:03,08_인헌아파트,08,341,인헌아파트,서울70사8904,15:03,2019-09-02 15:03,,0,500
11110537,관악02,10,[10] 15:03,09_교수아파트,09,342,교수아파트,서울70사8904,15:03,2019-09-02 15:03,,0,500
11110537,관악02,10,[10] 15:03,10_가족생활동,10,343,가족생활동,서울70사8904,15:03,2019-09-02 15:03,2019-09-02 15:15,1,501
11110537,관악02,10,[10] 15:03,11_서울대후문.연구공원,11,344,서울대후문.연구공원,서울70사8904,15:03,2019-09-02 15:03,,0,501
11110537,관악02,10,[10] 15:03,12_학부생활관,12,345,학부생활관,서울70사8904,15:03,2019-09-02 15:03,,0,501
11110537,관악02,10,[10] 15:03,13_대학원생활관,13,346,대학원생활관,서울70사8904,15:03,2019-09-02 15:03,2019-09-02 15:17,2,503
11110537,관악02,10,[10] 15:03,14_기숙사삼거리,14,347,기숙사삼거리,서울70사8904,15:03,2019-09-02 15:03,2019-09-02 15:17,3,506
11110537,관악02,10,[10] 15:03,15_공동기기원,15,348,공동기기원,서울70사8904,15:03,2019-09-02 15:03,,0,506
11110537,관악02,10,[10] 15:03,16_유전공학연구소.반도체공동연구소,16,349,유전공학연구소.반도체공동연구소,서울70사8904,15:03,2019-09-02 15:03,,0,506
11110537,관악02,10,[10] 15:03,17_에너지자원연구소,17,350,에너지자원연구소,서울70사8904,15:03,2019-09-02 15:03,,0,506
11110537,관악02,10,[10] 15:03,18_신소재연구소,18,351,신소재연구소,서울70사8904,15:03,2019-09-02 15:03,,0,506
11110537,관악02,10,[10] 15:03,19_제2파워플랜트,19,352,제2파워플랜트,서울70사8904,15:03,2019-09-02 15:03,,0,506
11110537,관악02,10,[10] 15:03,20_건설환경종합연구소,20,353,건설환경종합연구소,서울70사8904,15:03,2019-09-02 15:03,,0,506
11110537,관악02,10,[10] 15:03,21_제2공학관,21,354,제2공학관,서울70사8904,15:03,2019-09-02 15:03,2019-09-02 15:26,3,509
11110537,관악02,10,[10] 15:03,22_유회진학술정보관.제1공학관,22,355,유회진학술정보관.제1공학관,서울70사8904,15:03,2019-09-02 15:03,,0,509
11110537,관악02,10,[10] 15:03,23_유전공학연구소.반도체공동연구소,23,356,유전공학연구소.반도체공동연구소,서울70사8904,15:03,2019-09-02 15:03,,0,509
11110537,관악02,10,[10] 15:03,24_교수회관입구,24,357,교수회관입구,서울70사8904,15:03,2019-09-02 15:03,,0,509
11110537,관악02,10,[10] 15:03,25_관악사삼거리,25,358,관악사삼거리,서울70사8904,15:03,2019-09-02 15:03,,0,509
11110537,관악02,10,[10] 15:03,26_대학원생활관,26,359,대학원생활관,서울70사8904,15:03,2019-09-02 15:03,,0,509
11110537,관악02,10,[10] 15:03,27_노천강당,27,360,노천강당,서울70사8904,15:03,2019-09-02 15:03,2019-09-02 15:19,2,511
11110537,관악02,10,[10] 15:03,28_학부생활관,28,361,학부생활관,서울70사8904,15:03,2019-09-02 15:03,2019-09-02 15:47,1,512
11110537,관악02,10,[10] 15:03,29_BK국제관,29,362,BK국제관,서울70사8904,15:03,2019-09-02 15:03,,0,512
11110537,관악02,10,[10] 15:03,30_가족생활동,30,363,가족생활동,서울70사8904,15:03,2019-09-02 15:03,,0,512
11110537,관악02,10,[10] 15:03,31_호암교수회관,31,364,호암교수회관,서울70사8904,15:03,2019-09-02 15:03,,0,512
11110537,관악02,10,[10] 15:03,32_인헌아파트,32,365,인헌아파트,서울70사8904,15:03,2019-09-02 15:03,,0,512
11110537,관악02,10,[10] 15:03,33_서울과학전시관,33,366,서울과학전시관,서울70사8904,15:03,2019-09-02 15:03,,0,512
11110537,관악02,10,[10] 15:03,34_낙성대공원.관악복합평생교육센터,34,367,낙성대공원.관악복합평생교육센터,서울70사8904,15:03,2019-09-02 15:03,2019-09-02 15:51,1,513
11110537,관악02,10,[10] 15:03,35_낙성대현대아파트,35,368,낙성대현대아파트,서울70사8904,15:03,2019-09-02 15:03,2019-09-02 15:52,1,514
11110537,관악02,10,[10] 15:03,36_인헌초등학교,36,369,인헌초등학교,서울70사8904,15:03,2019-09-02 15:03,,0,514
11110537,관악02,10,[10] 15:03,37_낙성대입구,37,370,낙성대입구,서울70사8904,15:03,2019-09-02 15:03,,0,514
11110537,관악02,11,[11] 16:07,01_낙성대역,01,371,낙성대역,서울70사8904,16:07,2019-09-02 16:07,,0,514
11110537,관악02,11,[11] 16:07,02_낙성대입구,02,372,낙성대입구,서울70사8904,16:07,2019-09-02 16:07,,0,514
11110537,관악02,11,[11] 16:07,03_인헌초등학교,03,373,인헌초등학교,서울70사8904,16:07,2019-09-02 16:07,,0,514
11110537,관악02,11,[11] 16:07,04_낙성대현대아파트,04,374,낙성대현대아파트,서울70사8904,16:07,2019-09-02 16:07,2019-09-02 16:07,1,515
11110537,관악02,11,[11] 16:07,05_낙성대공원.관악복합평생교육센터,05,375,낙성대공원.관악복합평생교육센터,서울70사8904,16:07,2019-09-02 16:07,,0,515
11110537,관악02,11,[11] 16:07,06_서울과학전시관,06,376,서울과학전시관,서울70사8904,16:07,2019-09-02 16:07,2019-09-02 16:08,2,517
11110537,관악02,11,[11] 16:07,07_호암교수회관,07,377,호암교수회관,서울70사8904,16:07,2019-09-02 16:07,,0,517
11110537,관악02,11,[11] 16:07,08_인헌아파트,08,378,인헌아파트,서울70사8904,16:07,2019-09-02 16:07,,0,517
11110537,관악02,11,[11] 16:07,09_교수아파트,09,379,교수아파트,서울70사8904,16:07,2019-09-02 16:07,,0,517
11110537,관악02,11,[11] 16:07,10_가족생활동,10,380,가족생활동,서울70사8904,16:07,2019-09-02 16:07,2019-09-02 16:11,1,518
11110537,관악02,11,[11] 16:07,11_서울대후문.연구공원,11,381,서울대후문.연구공원,서울70사8904,16:07,2019-09-02 16:07,2019-09-02 16:12,2,520
11110537,관악02,11,[11] 16:07,12_학부생활관,12,382,학부생활관,서울70사8904,16:07,2019-09-02 16:07,2019-09-02 16:13,3,523
11110537,관악02,11,[11] 16:07,13_대학원생활관,13,383,대학원생활관,서울70사8904,16:07,2019-09-02 16:07,2019-09-02 16:14,1,524
11110537,관악02,11,[11] 16:07,14_기숙사삼거리,14,384,기숙사삼거리,서울70사8904,16:07,2019-09-02 16:07,,0,524
11110537,관악02,11,[11] 16:07,15_공동기기원,15,385,공동기기원,서울70사8904,16:07,2019-09-02 16:07,2019-09-02 16:17,1,525
11110537,관악02,11,[11] 16:07,16_유전공학연구소.반도체공동연구소,16,386,유전공학연구소.반도체공동연구소,서울70사8904,16:07,2019-09-02 16:07,,0,525
11110537,관악02,11,[11] 16:07,17_에너지자원연구소,17,387,에너지자원연구소,서울70사8904,16:07,2019-09-02 16:07,,0,525
11110537,관악02,11,[11] 16:07,18_신소재연구소,18,388,신소재연구소,서울70사8904,16:07,2019-09-02 16:07,,0,525
11110537,관악02,11,[11] 16:07,19_제2파워플랜트,19,389,제2파워플랜트,서울70사8904,16:07,2019-09-02 16:07,,0,525
11110537,관악02,11,[11] 16:07,20_건설환경종합연구소,20,390,건설환경종합연구소,서울70사8904,16:07,2019-09-02 16:07,,0,525
11110537,관악02,11,[11] 16:07,21_제2공학관,21,391,제2공학관,서울70사8904,16:07,2019-09-02 16:07,2019-09-02 16:22,1,526
11110537,관악02,11,[11] 16:07,22_유회진학술정보관.제1공학관,22,392,유회진학술정보관.제1공학관,서울70사8904,16:07,2019-09-02 16:07,,0,526
11110537,관악02,11,[11] 16:07,23_유전공학연구소.반도체공동연구소,23,393,유전공학연구소.반도체공동연구소,서울70사8904,16:07,2019-09-02 16:07,,0,526
11110537,관악02,11,[11] 16:07,24_교수회관입구,24,394,교수회관입구,서울70사8904,16:07,2019-09-02 16:07,,0,526
11110537,관악02,11,[11] 16:07,25_관악사삼거리,25,395,관악사삼거리,서울70사8904,16:07,2019-09-02 16:07,,0,526
11110537,관악02,11,[11] 16:07,26_대학원생활관,26,396,대학원생활관,서울70사8904,16:07,2019-09-02 16:07,,0,526
11110537,관악02,11,[11] 16:07,27_노천강당,27,397,노천강당,서울70사8904,16:07,2019-09-02 16:07,2019-09-02 16:15,1,527
11110537,관악02,11,[11] 16:07,28_학부생활관,28,398,학부생활관,서울70사8904,16:07,2019-09-02 16:07,,0,527
11110537,관악02,11,[11] 16:07,29_BK국제관,29,399,BK국제관,서울70사8904,16:07,2019-09-02 16:07,2019-09-02 16:39,1,528
11110537,관악02,11,[11] 16:07,30_가족생활동,30,400,가족생활동,서울70사8904,16:07,2019-09-02 16:07,2019-09-02 16:39,1,529
11110537,관악02,11,[11] 16:07,31_호암교수회관,31,401,호암교수회관,서울70사8904,16:07,2019-09-02 16:07,,0,529
11110537,관악02,11,[11] 16:07,32_인헌아파트,32,402,인헌아파트,서울70사8904,16:07,2019-09-02 16:07,,0,529
11110537,관악02,11,[11] 16:07,33_서울과학전시관,33,403,서울과학전시관,서울70사8904,16:07,2019-09-02 16:07,,0,529
11110537,관악02,11,[11] 16:07,34_낙성대공원.관악복합평생교육센터,34,404,낙성대공원.관악복합평생교육센터,서울70사8904,16:07,2019-09-02 16:07,2019-09-02 16:42,1,530
11110537,관악02,11,[11] 16:07,35_낙성대현대아파트,35,405,낙성대현대아파트,서울70사8904,16:07,2019-09-02 16:07,,0,530
11110537,관악02,11,[11] 16:07,36_인헌초등학교,36,406,인헌초등학교,서울70사8904,16:07,2019-09-02 16:07,,0,530
11110537,관악02,11,[11] 16:07,37_낙성대입구,37,407,낙성대입구,서울70사8904,16:07,2019-09-02 16:07,2019-09-02 16:44,2,532
11110537,관악02,12,[12] 16:45,01_낙성대역,01,408,낙성대역,서울70사8904,16:45,2019-09-02 16:45,2019-09-02 16:45,20,552
11110537,관악02,12,[12] 16:45,02_낙성대입구,02,409,낙성대입구,서울70사8904,16:45,2019-09-02 16:45,2019-09-02 16:56,1,553
11110537,관악02,12,[12] 16:45,03_인헌초등학교,03,410,인헌초등학교,서울70사8904,16:45,2019-09-02 16:45,,0,553
11110537,관악02,12,[12] 16:45,04_낙성대현대아파트,04,411,낙성대현대아파트,서울70사8904,16:45,2019-09-02 16:45,,0,553
11110537,관악02,12,[12] 16:45,05_낙성대공원.관악복합평생교육센터,05,412,낙성대공원.관악복합평생교육센터,서울70사8904,16:45,2019-09-02 16:45,,0,553
11110537,관악02,12,[12] 16:45,06_서울과학전시관,06,413,서울과학전시관,서울70사8904,16:45,2019-09-02 16:45,,0,553
11110537,관악02,12,[12] 16:45,07_호암교수회관,07,414,호암교수회관,서울70사8904,16:45,2019-09-02 16:45,2019-09-02 16:59,1,554
11110537,관악02,12,[12] 16:45,08_인헌아파트,08,415,인헌아파트,서울70사8904,16:45,2019-09-02 16:45,,0,554
11110537,관악02,12,[12] 16:45,09_교수아파트,09,416,교수아파트,서울70사8904,16:45,2019-09-02 16:45,,0,554
11110537,관악02,12,[12] 16:45,10_가족생활동,10,417,가족생활동,서울70사8904,16:45,2019-09-02 16:45,2019-09-02 17:03,2,556
11110537,관악02,12,[12] 16:45,11_서울대후문.연구공원,11,418,서울대후문.연구공원,서울70사8904,16:45,2019-09-02 16:45,2019-09-02 17:04,2,558
11110537,관악02,12,[12] 16:45,12_학부생활관,12,419,학부생활관,서울70사8904,16:45,2019-09-02 16:45,,0,558
11110537,관악02,12,[12] 16:45,13_대학원생활관,13,420,대학원생활관,서울70사8904,16:45,2019-09-02 16:45,2019-09-02 17:05,2,560
11110537,관악02,12,[12] 16:45,14_기숙사삼거리,14,421,기숙사삼거리,서울70사8904,16:45,2019-09-02 16:45,2019-09-02 17:06,2,562
11110537,관악02,12,[12] 16:45,15_공동기기원,15,422,공동기기원,서울70사8904,16:45,2019-09-02 16:45,,0,562
11110537,관악02,12,[12] 16:45,16_유전공학연구소.반도체공동연구소,16,423,유전공학연구소.반도체공동연구소,서울70사8904,16:45,2019-09-02 16:45,,0,562
11110537,관악02,12,[12] 16:45,17_에너지자원연구소,17,424,에너지자원연구소,서울70사8904,16:45,2019-09-02 16:45,,0,562
11110537,관악02,12,[12] 16:45,18_신소재연구소,18,425,신소재연구소,서울70사8904,16:45,2019-09-02 16:45,,0,562
11110537,관악02,12,[12] 16:45,19_제2파워플랜트,19,426,제2파워플랜트,서울70사8904,16:45,2019-09-02 16:45,,0,562
11110537,관악02,12,[12] 16:45,20_건설환경종합연구소,20,427,건설환경종합연구소,서울70사8904,16:45,2019-09-02 16:45,,0,562
11110537,관악02,12,[12] 16:45,21_제2공학관,21,428,제2공학관,서울70사8904,16:45,2019-09-02 16:45,2019-09-02 17:13,1,563
11110537,관악02,12,[12] 16:45,22_유회진학술정보관.제1공학관,22,429,유회진학술정보관.제1공학관,서울70사8904,16:45,2019-09-02 16:45,,0,563
11110537,관악02,12,[12] 16:45,23_유전공학연구소.반도체공동연구소,23,430,유전공학연구소.반도체공동연구소,서울70사8904,16:45,2019-09-02 16:45,,0,563
11110537,관악02,12,[12] 16:45,24_교수회관입구,24,431,교수회관입구,서울70사8904,16:45,2019-09-02 16:45,,0,563
11110537,관악02,12,[12] 16:45,25_관악사삼거리,25,432,관악사삼거리,서울70사8904,16:45,2019-09-02 16:45,,0,563
11110537,관악02,12,[12] 16:45,26_대학원생활관,26,433,대학원생활관,서울70사8904,16:45,2019-09-02 16:45,,0,563
11110537,관악02,12,[12] 16:45,27_노천강당,27,434,노천강당,서울70사8904,16:45,2019-09-02 16:45,2019-09-02 17:07,1,564
11110537,관악02,12,[12] 16:45,28_학부생활관,28,435,학부생활관,서울70사8904,16:45,2019-09-02 16:45,,0,564
11110537,관악02,12,[12] 16:45,29_BK국제관,29,436,BK국제관,서울70사8904,16:45,2019-09-02 16:45,2019-09-02 17:31,1,565
11110537,관악02,12,[12] 16:45,30_가족생활동,30,437,가족생활동,서울70사8904,16:45,2019-09-02 16:45,,0,565
11110537,관악02,12,[12] 16:45,31_호암교수회관,31,438,호암교수회관,서울70사8904,16:45,2019-09-02 16:45,2019-09-02 17:33,1,566
11110537,관악02,12,[12] 16:45,32_인헌아파트,32,439,인헌아파트,서울70사8904,16:45,2019-09-02 16:45,,0,566
11110537,관악02,12,[12] 16:45,33_서울과학전시관,33,440,서울과학전시관,서울70사8904,16:45,2019-09-02 16:45,,0,566
11110537,관악02,12,[12] 16:45,34_낙성대공원.관악복합평생교육센터,34,441,낙성대공원.관악복합평생교육센터,서울70사8904,16:45,2019-09-02 16:45,,0,566
11110537,관악02,12,[12] 16:45,35_낙성대현대아파트,35,442,낙성대현대아파트,서울70사8904,16:45,2019-09-02 16:45,2019-09-02 17:37,2,568
11110537,관악02,12,[12] 16:45,36_인헌초등학교,36,443,인헌초등학교,서울70사8904,16:45,2019-09-02 16:45,2019-09-02 17:38,1,569
11110537,관악02,12,[12] 16:45,37_낙성대입구,37,444,낙성대입구,서울70사8904,16:45,2019-09-02 16:45,2019-09-02 17:38,3,572
11110537,관악02,13,[13] 17:42,01_낙성대역,01,445,낙성대역,서울70사8904,17:42,2019-09-02 17:42,2019-09-02 17:42,21,593
11110537,관악02,13,[13] 17:42,02_낙성대입구,02,446,낙성대입구,서울70사8904,17:42,2019-09-02 17:42,2019-09-02 17:48,1,594
11110537,관악02,13,[13] 17:42,03_인헌초등학교,03,447,인헌초등학교,서울70사8904,17:42,2019-09-02 17:42,,0,594
11110537,관악02,13,[13] 17:42,04_낙성대현대아파트,04,448,낙성대현대아파트,서울70사8904,17:42,2019-09-02 17:42,,0,594
11110537,관악02,13,[13] 17:42,05_낙성대공원.관악복합평생교육센터,05,449,낙성대공원.관악복합평생교육센터,서울70사8904,17:42,2019-09-02 17:42,2019-09-02 17:50,1,595
11110537,관악02,13,[13] 17:42,06_서울과학전시관,06,450,서울과학전시관,서울70사8904,17:42,2019-09-02 17:42,,0,595
11110537,관악02,13,[13] 17:42,07_호암교수회관,07,451,호암교수회관,서울70사8904,17:42,2019-09-02 17:42,2019-09-02 17:52,1,596
11110537,관악02,13,[13] 17:42,08_인헌아파트,08,452,인헌아파트,서울70사8904,17:42,2019-09-02 17:42,,0,596
11110537,관악02,13,[13] 17:42,09_교수아파트,09,453,교수아파트,서울70사8904,17:42,2019-09-02 17:42,,0,596
11110537,관악02,13,[13] 17:42,10_가족생활동,10,454,가족생활동,서울70사8904,17:42,2019-09-02 17:42,2019-09-02 17:55,1,597
11110537,관악02,13,[13] 17:42,11_서울대후문.연구공원,11,455,서울대후문.연구공원,서울70사8904,17:42,2019-09-02 17:42,2019-09-02 17:55,1,598
11110537,관악02,13,[13] 17:42,12_학부생활관,12,456,학부생활관,서울70사8904,17:42,2019-09-02 17:42,,0,598
11110537,관악02,13,[13] 17:42,13_대학원생활관,13,457,대학원생활관,서울70사8904,17:42,2019-09-02 17:42,2019-09-02 17:57,1,599
11110537,관악02,13,[13] 17:42,14_기숙사삼거리,14,458,기숙사삼거리,서울70사8904,17:42,2019-09-02 17:42,,0,599
11110537,관악02,13,[13] 17:42,15_공동기기원,15,459,공동기기원,서울70사8904,17:42,2019-09-02 17:42,2019-09-02 18:00,1,600
11110537,관악02,13,[13] 17:42,16_유전공학연구소.반도체공동연구소,16,460,유전공학연구소.반도체공동연구소,서울70사8904,17:42,2019-09-02 17:42,,0,600
11110537,관악02,13,[13] 17:42,17_에너지자원연구소,17,461,에너지자원연구소,서울70사8904,17:42,2019-09-02 17:42,,0,600
11110537,관악02,13,[13] 17:42,18_신소재연구소,18,462,신소재연구소,서울70사8904,17:42,2019-09-02 17:42,,0,600
11110537,관악02,13,[13] 17:42,19_제2파워플랜트,19,463,제2파워플랜트,서울70사8904,17:42,2019-09-02 17:42,,0,600
11110537,관악02,13,[13] 17:42,20_건설환경종합연구소,20,464,건설환경종합연구소,서울70사8904,17:42,2019-09-02 17:42,,0,600
11110537,관악02,13,[13] 17:42,21_제2공학관,21,465,제2공학관,서울70사8904,17:42,2019-09-02 17:42,2019-09-02 18:04,4,604
11110537,관악02,13,[13] 17:42,22_유회진학술정보관.제1공학관,22,466,유회진학술정보관.제1공학관,서울70사8904,17:42,2019-09-02 17:42,,0,604
11110537,관악02,13,[13] 17:42,23_유전공학연구소.반도체공동연구소,23,467,유전공학연구소.반도체공동연구소,서울70사8904,17:42,2019-09-02 17:42,,0,604
11110537,관악02,13,[13] 17:42,24_교수회관입구,24,468,교수회관입구,서울70사8904,17:42,2019-09-02 17:42,,0,604
11110537,관악02,13,[13] 17:42,25_관악사삼거리,25,469,관악사삼거리,서울70사8904,17:42,2019-09-02 17:42,,0,604
11110537,관악02,13,[13] 17:42,26_대학원생활관,26,470,대학원생활관,서울70사8904,17:42,2019-09-02 17:42,,0,604
11110537,관악02,13,[13] 17:42,27_노천강당,27,471,노천강당,서울70사8904,17:42,2019-09-02 17:42,,0,604
11110537,관악02,13,[13] 17:42,28_학부생활관,28,472,학부생활관,서울70사8904,17:42,2019-09-02 17:42,,0,604
11110537,관악02,13,[13] 17:42,29_BK국제관,29,473,BK국제관,서울70사8904,17:42,2019-09-02 17:42,,0,604
11110537,관악02,13,[13] 17:42,30_가족생활동,30,474,가족생활동,서울70사8904,17:42,2019-09-02 17:42,,0,604
11110537,관악02,13,[13] 17:42,31_호암교수회관,31,475,호암교수회관,서울70사8904,17:42,2019-09-02 17:42,,0,604
11110537,관악02,13,[13] 17:42,32_인헌아파트,32,476,인헌아파트,서울70사8904,17:42,2019-09-02 17:42,,0,604
11110537,관악02,13,[13] 17:42,33_서울과학전시관,33,477,서울과학전시관,서울70사8904,17:42,2019-09-02 17:42,,0,604
11110537,관악02,13,[13] 17:42,34_낙성대공원.관악복합평생교육센터,34,478,낙성대공원.관악복합평생교육센터,서울70사8904,17:42,2019-09-02 17:42,2019-09-02 18:28,1,605
11110537,관악02,13,[13] 17:42,35_낙성대현대아파트,35,479,낙성대현대아파트,서울70사8904,17:42,2019-09-02 17:42,,0,605
11110537,관악02,13,[13] 17:42,36_인헌초등학교,36,480,인헌초등학교,서울70사8904,17:42,2019-09-02 17:42,2019-09-02 18:34,9,614
11110537,관악02,13,[13] 17:42,37_낙성대입구,37,481,낙성대입구,서울70사8904,17:42,2019-09-02 17:42,2019-09-02 18:35,15,629
11110537,관악02,14,[14] 18:38,01_낙성대역,01,482,낙성대역,서울70사8904,18:38,2019-09-02 18:38,2019-09-02 18:38,1,630
11110537,관악02,14,[14] 18:38,02_낙성대입구,02,483,낙성대입구,서울70사8904,18:38,2019-09-02 18:38,2019-09-02 18:39,35,665
11110537,관악02,14,[14] 18:38,03_인헌초등학교,03,484,인헌초등학교,서울70사8904,18:38,2019-09-02 18:38,,0,665
11110537,관악02,14,[14] 18:38,04_낙성대현대아파트,04,485,낙성대현대아파트,서울70사8904,18:38,2019-09-02 18:38,,0,665
11110537,관악02,14,[14] 18:38,05_낙성대공원.관악복합평생교육센터,05,486,낙성대공원.관악복합평생교육센터,서울70사8904,18:38,2019-09-02 18:38,,0,665
11110537,관악02,14,[14] 18:38,06_서울과학전시관,06,487,서울과학전시관,서울70사8904,18:38,2019-09-02 18:38,,0,665
11110537,관악02,14,[14] 18:38,07_호암교수회관,07,488,호암교수회관,서울70사8904,18:38,2019-09-02 18:38,,0,665
11110537,관악02,14,[14] 18:38,08_인헌아파트,08,489,인헌아파트,서울70사8904,18:38,2019-09-02 18:38,,0,665
11110537,관악02,14,[14] 18:38,09_교수아파트,09,490,교수아파트,서울70사8904,18:38,2019-09-02 18:38,,0,665
11110537,관악02,14,[14] 18:38,10_가족생활동,10,491,가족생활동,서울70사8904,18:38,2019-09-02 18:38,,0,665
11110537,관악02,14,[14] 18:38,11_서울대후문.연구공원,11,492,서울대후문.연구공원,서울70사8904,18:38,2019-09-02 18:38,,0,665
11110537,관악02,14,[14] 18:38,12_학부생활관,12,493,학부생활관,서울70사8904,18:38,2019-09-02 18:38,2019-09-02 18:54,4,669
11110537,관악02,14,[14] 18:38,13_대학원생활관,13,494,대학원생활관,서울70사8904,18:38,2019-09-02 18:38,2019-09-02 18:54,2,671
11110537,관악02,14,[14] 18:38,14_기숙사삼거리,14,495,기숙사삼거리,서울70사8904,18:38,2019-09-02 18:38,2019-09-02 18:55,1,672
11110537,관악02,14,[14] 18:38,15_공동기기원,15,496,공동기기원,서울70사8904,18:38,2019-09-02 18:38,,0,672
11110537,관악02,14,[14] 18:38,16_유전공학연구소.반도체공동연구소,16,497,유전공학연구소.반도체공동연구소,서울70사8904,18:38,2019-09-02 18:38,,0,672
11110537,관악02,14,[14] 18:38,17_에너지자원연구소,17,498,에너지자원연구소,서울70사8904,18:38,2019-09-02 18:38,2019-09-02 18:57,1,673
11110537,관악02,14,[14] 18:38,18_신소재연구소,18,499,신소재연구소,서울70사8904,18:38,2019-09-02 18:38,,0,673
11110537,관악02,14,[14] 18:38,19_제2파워플랜트,19,500,제2파워플랜트,서울70사8904,18:38,2019-09-02 18:38,,0,673
11110537,관악02,14,[14] 18:38,20_건설환경종합연구소,20,501,건설환경종합연구소,서울70사8904,18:38,2019-09-02 18:38,,0,673
11110537,관악02,14,[14] 18:38,21_제2공학관,21,502,제2공학관,서울70사8904,18:38,2019-09-02 18:38,2019-09-02 19:00,2,675
11110537,관악02,14,[14] 18:38,22_유회진학술정보관.제1공학관,22,503,유회진학술정보관.제1공학관,서울70사8904,18:38,2019-09-02 18:38,,0,675
11110537,관악02,14,[14] 18:38,23_유전공학연구소.반도체공동연구소,23,504,유전공학연구소.반도체공동연구소,서울70사8904,18:38,2019-09-02 18:38,,0,675
11110537,관악02,14,[14] 18:38,24_교수회관입구,24,505,교수회관입구,서울70사8904,18:38,2019-09-02 18:38,,0,675
11110537,관악02,14,[14] 18:38,25_관악사삼거리,25,506,관악사삼거리,서울70사8904,18:38,2019-09-02 18:38,2019-09-02 19:16,2,677
11110537,관악02,14,[14] 18:38,26_대학원생활관,26,507,대학원생활관,서울70사8904,18:38,2019-09-02 18:38,2019-09-02 19:17,1,678
11110537,관악02,14,[14] 18:38,27_노천강당,27,508,노천강당,서울70사8904,18:38,2019-09-02 18:38,2019-09-02 19:15,1,679
11110537,관악02,14,[14] 18:38,28_학부생활관,28,509,학부생활관,서울70사8904,18:38,2019-09-02 18:38,,0,679
11110537,관악02,14,[14] 18:38,29_BK국제관,29,510,BK국제관,서울70사8904,18:38,2019-09-02 18:38,2019-09-02 19:19,1,680
11110537,관악02,14,[14] 18:38,30_가족생활동,30,511,가족생활동,서울70사8904,18:38,2019-09-02 18:38,,0,680
11110537,관악02,14,[14] 18:38,31_호암교수회관,31,512,호암교수회관,서울70사8904,18:38,2019-09-02 18:38,2019-09-02 19:21,1,681
11110537,관악02,14,[14] 18:38,32_인헌아파트,32,513,인헌아파트,서울70사8904,18:38,2019-09-02 18:38,,0,681
11110537,관악02,14,[14] 18:38,33_서울과학전시관,33,514,서울과학전시관,서울70사8904,18:38,2019-09-02 18:38,,0,681
11110537,관악02,14,[14] 18:38,34_낙성대공원.관악복합평생교육센터,34,515,낙성대공원.관악복합평생교육센터,서울70사8904,18:38,2019-09-02 18:38,2019-09-02 19:25,2,683
11110537,관악02,14,[14] 18:38,35_낙성대현대아파트,35,516,낙성대현대아파트,서울70사8904,18:38,2019-09-02 18:38,2019-09-02 19:27,2,685
11110537,관악02,14,[14] 18:38,36_인헌초등학교,36,517,인헌초등학교,서울70사8904,18:38,2019-09-02 18:38,2019-09-02 19:28,8,693
11110537,관악02,14,[14] 18:38,37_낙성대입구,37,518,낙성대입구,서울70사8904,18:38,2019-09-02 18:38,2019-09-02 19:29,4,697
11110537,관악02,15,[15] 19:30,01_낙성대역,01,519,낙성대역,서울70사8904,19:30,2019-09-02 19:30,2019-09-02 19:30,1,698
11110537,관악02,15,[15] 19:30,02_낙성대입구,02,520,낙성대입구,서울70사8904,19:30,2019-09-02 19:30,2019-09-02 19:32,52,750
11110537,관악02,15,[15] 19:30,03_인헌초등학교,03,521,인헌초등학교,서울70사8904,19:30,2019-09-02 19:30,,0,750
11110537,관악02,15,[15] 19:30,04_낙성대현대아파트,04,522,낙성대현대아파트,서울70사8904,19:30,2019-09-02 19:30,,0,750
11110537,관악02,15,[15] 19:30,05_낙성대공원.관악복합평생교육센터,05,523,낙성대공원.관악복합평생교육센터,서울70사8904,19:30,2019-09-02 19:30,,0,750
11110537,관악02,15,[15] 19:30,06_서울과학전시관,06,524,서울과학전시관,서울70사8904,19:30,2019-09-02 19:30,2019-09-02 19:45,2,752
11110537,관악02,15,[15] 19:30,07_호암교수회관,07,525,호암교수회관,서울70사8904,19:30,2019-09-02 19:30,2019-09-02 19:45,3,755
11110537,관악02,15,[15] 19:30,08_인헌아파트,08,526,인헌아파트,서울70사8904,19:30,2019-09-02 19:30,2019-09-02 19:47,2,757
11110537,관악02,15,[15] 19:30,09_교수아파트,09,527,교수아파트,서울70사8904,19:30,2019-09-02 19:30,,0,757
11110537,관악02,15,[15] 19:30,10_가족생활동,10,528,가족생활동,서울70사8904,19:30,2019-09-02 19:30,2019-09-02 19:48,2,759
11110537,관악02,15,[15] 19:30,11_서울대후문.연구공원,11,529,서울대후문.연구공원,서울70사8904,19:30,2019-09-02 19:30,2019-09-02 19:49,4,763
11110537,관악02,15,[15] 19:30,12_학부생활관,12,530,학부생활관,서울70사8904,19:30,2019-09-02 19:30,2019-09-02 19:50,7,770
11110537,관악02,15,[15] 19:30,13_대학원생활관,13,531,대학원생활관,서울70사8904,19:30,2019-09-02 19:30,2019-09-02 19:51,5,775
11110537,관악02,15,[15] 19:30,14_기숙사삼거리,14,532,기숙사삼거리,서울70사8904,19:30,2019-09-02 19:30,2019-09-02 19:51,1,776
11110537,관악02,15,[15] 19:30,15_공동기기원,15,533,공동기기원,서울70사8904,19:30,2019-09-02 19:30,,0,776
11110537,관악02,15,[15] 19:30,16_유전공학연구소.반도체공동연구소,16,534,유전공학연구소.반도체공동연구소,서울70사8904,19:30,2019-09-02 19:30,,0,776
11110537,관악02,15,[15] 19:30,17_에너지자원연구소,17,535,에너지자원연구소,서울70사8904,19:30,2019-09-02 19:30,,0,776
11110537,관악02,15,[15] 19:30,18_신소재연구소,18,536,신소재연구소,서울70사8904,19:30,2019-09-02 19:30,,0,776
11110537,관악02,15,[15] 19:30,19_제2파워플랜트,19,537,제2파워플랜트,서울70사8904,19:30,2019-09-02 19:30,,0,776
11110537,관악02,15,[15] 19:30,20_건설환경종합연구소,20,538,건설환경종합연구소,서울70사8904,19:30,2019-09-02 19:30,,0,776
11110537,관악02,15,[15] 19:30,21_제2공학관,21,539,제2공학관,서울70사8904,19:30,2019-09-02 19:30,2019-09-02 20:00,2,778
11110537,관악02,15,[15] 19:30,22_유회진학술정보관.제1공학관,22,540,유회진학술정보관.제1공학관,서울70사8904,19:30,2019-09-02 19:30,,0,778
11110537,관악02,15,[15] 19:30,23_유전공학연구소.반도체공동연구소,23,541,유전공학연구소.반도체공동연구소,서울70사8904,19:30,2019-09-02 19:30,,0,778
11110537,관악02,15,[15] 19:30,24_교수회관입구,24,542,교수회관입구,서울70사8904,19:30,2019-09-02 19:30,,0,778
11110537,관악02,15,[15] 19:30,25_관악사삼거리,25,543,관악사삼거리,서울70사8904,19:30,2019-09-02 19:30,,0,778
11110537,관악02,15,[15] 19:30,26_대학원생활관,26,544,대학원생활관,서울70사8904,19:30,2019-09-02 19:30,,0,778
11110537,관악02,15,[15] 19:30,27_노천강당,27,545,노천강당,서울70사8904,19:30,2019-09-02 19:30,2019-09-02 19:53,2,780
11110537,관악02,15,[15] 19:30,28_학부생활관,28,546,학부생활관,서울70사8904,19:30,2019-09-02 19:30,2019-09-02 20:28,1,781
11110537,관악02,15,[15] 19:30,29_BK국제관,29,547,BK국제관,서울70사8904,19:30,2019-09-02 19:30,,0,781
11110537,관악02,15,[15] 19:30,30_가족생활동,30,548,가족생활동,서울70사8904,19:30,2019-09-02 19:30,,0,781
11110537,관악02,15,[15] 19:30,31_호암교수회관,31,549,호암교수회관,서울70사8904,19:30,2019-09-02 19:30,2019-09-02 20:31,1,782
11110537,관악02,15,[15] 19:30,32_인헌아파트,32,550,인헌아파트,서울70사8904,19:30,2019-09-02 19:30,2019-09-02 20:31,1,783
11110537,관악02,15,[15] 19:30,33_서울과학전시관,33,551,서울과학전시관,서울70사8904,19:30,2019-09-02 19:30,,0,783
11110537,관악02,15,[15] 19:30,34_낙성대공원.관악복합평생교육센터,34,552,낙성대공원.관악복합평생교육센터,서울70사8904,19:30,2019-09-02 19:30,,0,783
11110537,관악02,15,[15] 19:30,35_낙성대현대아파트,35,553,낙성대현대아파트,서울70사8904,19:30,2019-09-02 19:30,,0,783
11110537,관악02,15,[15] 19:30,36_인헌초등학교,36,554,인헌초등학교,서울70사8904,19:30,2019-09-02 19:30,2019-09-02 20:36,11,794
11110537,관악02,15,[15] 19:30,37_낙성대입구,37,555,낙성대입구,서울70사8904,19:30,2019-09-02 19:30,2019-09-02 20:36,2,796
11110537,관악02,16,[16] 20:38,01_낙성대역,01,556,낙성대역,서울70사8904,20:38,2019-09-02 20:38,2019-09-02 20:38,15,811
11110537,관악02,16,[16] 20:38,02_낙성대입구,02,557,낙성대입구,서울70사8904,20:38,2019-09-02 20:38,,0,811
11110537,관악02,16,[16] 20:38,03_인헌초등학교,03,558,인헌초등학교,서울70사8904,20:38,2019-09-02 20:38,,0,811
11110537,관악02,16,[16] 20:38,04_낙성대현대아파트,04,559,낙성대현대아파트,서울70사8904,20:38,2019-09-02 20:38,2019-09-02 20:55,1,812
11110537,관악02,16,[16] 20:38,05_낙성대공원.관악복합평생교육센터,05,560,낙성대공원.관악복합평생교육센터,서울70사8904,20:38,2019-09-02 20:38,,0,812
11110537,관악02,16,[16] 20:38,06_서울과학전시관,06,561,서울과학전시관,서울70사8904,20:38,2019-09-02 20:38,,0,812
11110537,관악02,16,[16] 20:38,07_호암교수회관,07,562,호암교수회관,서울70사8904,20:38,2019-09-02 20:38,2019-09-02 20:57,3,815
11110537,관악02,16,[16] 20:38,08_인헌아파트,08,563,인헌아파트,서울70사8904,20:38,2019-09-02 20:38,2019-09-02 20:58,2,817
11110537,관악02,16,[16] 20:38,09_교수아파트,09,564,교수아파트,서울70사8904,20:38,2019-09-02 20:38,,0,817
11110537,관악02,16,[16] 20:38,10_가족생활동,10,565,가족생활동,서울70사8904,20:38,2019-09-02 20:38,,0,817
11110537,관악02,16,[16] 20:38,11_서울대후문.연구공원,11,566,서울대후문.연구공원,서울70사8904,20:38,2019-09-02 20:38,2019-09-02 21:00,2,819
11110537,관악02,16,[16] 20:38,12_학부생활관,12,567,학부생활관,서울70사8904,20:38,2019-09-02 20:38,2019-09-02 21:01,6,825
11110537,관악02,16,[16] 20:38,13_대학원생활관,13,568,대학원생활관,서울70사8904,20:38,2019-09-02 20:38,2019-09-02 21:02,7,832
11110537,관악02,16,[16] 20:38,14_기숙사삼거리,14,569,기숙사삼거리,서울70사8904,20:38,2019-09-02 20:38,,0,832
11110537,관악02,16,[16] 20:38,15_공동기기원,15,570,공동기기원,서울70사8904,20:38,2019-09-02 20:38,,0,832
11110537,관악02,16,[16] 20:38,16_유전공학연구소.반도체공동연구소,16,571,유전공학연구소.반도체공동연구소,서울70사8904,20:38,2019-09-02 20:38,,0,832
11110537,관악02,16,[16] 20:38,17_에너지자원연구소,17,572,에너지자원연구소,서울70사8904,20:38,2019-09-02 20:38,,0,832
11110537,관악02,16,[16] 20:38,18_신소재연구소,18,573,신소재연구소,서울70사8904,20:38,2019-09-02 20:38,,0,832
11110537,관악02,16,[16] 20:38,19_제2파워플랜트,19,574,제2파워플랜트,서울70사8904,20:38,2019-09-02 20:38,,0,832
11110537,관악02,16,[16] 20:38,20_건설환경종합연구소,20,575,건설환경종합연구소,서울70사8904,20:38,2019-09-02 20:38,,0,832
11110537,관악02,16,[16] 20:38,21_제2공학관,21,576,제2공학관,서울70사8904,20:38,2019-09-02 20:38,,0,832
11110537,관악02,16,[16] 20:38,22_유회진학술정보관.제1공학관,22,577,유회진학술정보관.제1공학관,서울70사8904,20:38,2019-09-02 20:38,,0,832
11110537,관악02,16,[16] 20:38,23_유전공학연구소.반도체공동연구소,23,578,유전공학연구소.반도체공동연구소,서울70사8904,20:38,2019-09-02 20:38,,0,832
11110537,관악02,16,[16] 20:38,24_교수회관입구,24,579,교수회관입구,서울70사8904,20:38,2019-09-02 20:38,,0,832
11110537,관악02,16,[16] 20:38,25_관악사삼거리,25,580,관악사삼거리,서울70사8904,20:38,2019-09-02 20:38,,0,832
11110537,관악02,16,[16] 20:38,26_대학원생활관,26,581,대학원생활관,서울70사8904,20:38,2019-09-02 20:38,,0,832
11110537,관악02,16,[16] 20:38,27_노천강당,27,582,노천강당,서울70사8904,20:38,2019-09-02 20:38,,0,832
11110537,관악02,16,[16] 20:38,28_학부생활관,28,583,학부생활관,서울70사8904,20:38,2019-09-02 20:38,,0,832
11110537,관악02,16,[16] 20:38,29_BK국제관,29,584,BK국제관,서울70사8904,20:38,2019-09-02 20:38,,0,832
11110537,관악02,16,[16] 20:38,30_가족생활동,30,585,가족생활동,서울70사8904,20:38,2019-09-02 20:38,,0,832
11110537,관악02,16,[16] 20:38,31_호암교수회관,31,586,호암교수회관,서울70사8904,20:38,2019-09-02 20:38,2019-09-02 21:51,1,833
11110537,관악02,16,[16] 20:38,32_인헌아파트,32,587,인헌아파트,서울70사8904,20:38,2019-09-02 20:38,2019-09-02 21:52,1,834
11110537,관악02,16,[16] 20:38,33_서울과학전시관,33,588,서울과학전시관,서울70사8904,20:38,2019-09-02 20:38,,0,834
11110537,관악02,16,[16] 20:38,34_낙성대공원.관악복합평생교육센터,34,589,낙성대공원.관악복합평생교육센터,서울70사8904,20:38,2019-09-02 20:38,2019-09-02 21:54,1,835
11110537,관악02,16,[16] 20:38,35_낙성대현대아파트,35,590,낙성대현대아파트,서울70사8904,20:38,2019-09-02 20:38,2019-09-02 21:56,1,836
11110537,관악02,16,[16] 20:38,36_인헌초등학교,36,591,인헌초등학교,서울70사8904,20:38,2019-09-02 20:38,2019-09-02 21:56,6,842
11110537,관악02,16,[16] 20:38,37_낙성대입구,37,592,낙성대입구,서울70사8904,20:38,2019-09-02 20:38,2019-09-02 21:57,5,847
11110537,관악02,17,[17] 22:01,01_낙성대역,01,593,낙성대역,서울70사8904,22:01,2019-09-02 22:01,2019-09-02 22:01,18,865
11110537,관악02,17,[17] 22:01,02_낙성대입구,02,594,낙성대입구,서울70사8904,22:01,2019-09-02 22:01,,0,865
11110537,관악02,17,[17] 22:01,03_인헌초등학교,03,595,인헌초등학교,서울70사8904,22:01,2019-09-02 22:01,,0,865
11110537,관악02,17,[17] 22:01,04_낙성대현대아파트,04,596,낙성대현대아파트,서울70사8904,22:01,2019-09-02 22:01,,0,865
11110537,관악02,17,[17] 22:01,05_낙성대공원.관악복합평생교육센터,05,597,낙성대공원.관악복합평생교육센터,서울70사8904,22:01,2019-09-02 22:01,,0,865
11110537,관악02,17,[17] 22:01,06_서울과학전시관,06,598,서울과학전시관,서울70사8904,22:01,2019-09-02 22:01,,0,865
11110537,관악02,17,[17] 22:01,07_호암교수회관,07,599,호암교수회관,서울70사8904,22:01,2019-09-02 22:01,2019-09-02 22:11,2,867
11110537,관악02,17,[17] 22:01,08_인헌아파트,08,600,인헌아파트,서울70사8904,22:01,2019-09-02 22:01,2019-09-02 22:13,4,871
11110537,관악02,17,[17] 22:01,09_교수아파트,09,601,교수아파트,서울70사8904,22:01,2019-09-02 22:01,,0,871
11110537,관악02,17,[17] 22:01,10_가족생활동,10,602,가족생활동,서울70사8904,22:01,2019-09-02 22:01,2019-09-02 22:15,4,875
11110537,관악02,17,[17] 22:01,11_서울대후문.연구공원,11,603,서울대후문.연구공원,서울70사8904,22:01,2019-09-02 22:01,2019-09-02 22:16,16,891
11110537,관악02,17,[17] 22:01,12_학부생활관,12,604,학부생활관,서울70사8904,22:01,2019-09-02 22:01,2019-09-02 22:17,15,906
11110537,관악02,17,[17] 22:01,13_대학원생활관,13,605,대학원생활관,서울70사8904,22:01,2019-09-02 22:01,2019-09-02 22:18,2,908
11110537,관악02,17,[17] 22:01,14_기숙사삼거리,14,606,기숙사삼거리,서울70사8904,22:01,2019-09-02 22:01,2019-09-02 22:19,2,910
11110537,관악02,17,[17] 22:01,15_공동기기원,15,607,공동기기원,서울70사8904,22:01,2019-09-02 22:01,,0,910
11110537,관악02,17,[17] 22:01,16_유전공학연구소.반도체공동연구소,16,608,유전공학연구소.반도체공동연구소,서울70사8904,22:01,2019-09-02 22:01,,0,910
11110537,관악02,17,[17] 22:01,17_에너지자원연구소,17,609,에너지자원연구소,서울70사8904,22:01,2019-09-02 22:01,,0,910
11110537,관악02,17,[17] 22:01,18_신소재연구소,18,610,신소재연구소,서울70사8904,22:01,2019-09-02 22:01,,0,910
11110537,관악02,17,[17] 22:01,19_제2파워플랜트,19,611,제2파워플랜트,서울70사8904,22:01,2019-09-02 22:01,,0,910
11110537,관악02,17,[17] 22:01,20_건설환경종합연구소,20,612,건설환경종합연구소,서울70사8904,22:01,2019-09-02 22:01,,0,910
11110537,관악02,17,[17] 22:01,21_제2공학관,21,613,제2공학관,서울70사8904,22:01,2019-09-02 22:01,,0,910
11110537,관악02,17,[17] 22:01,22_유회진학술정보관.제1공학관,22,614,유회진학술정보관.제1공학관,서울70사8904,22:01,2019-09-02 22:01,,0,910
11110537,관악02,17,[17] 22:01,23_유전공학연구소.반도체공동연구소,23,615,유전공학연구소.반도체공동연구소,서울70사8904,22:01,2019-09-02 22:01,,0,910
11110537,관악02,17,[17] 22:01,24_교수회관입구,24,616,교수회관입구,서울70사8904,22:01,2019-09-02 22:01,,0,910
11110537,관악02,17,[17] 22:01,25_관악사삼거리,25,617,관악사삼거리,서울70사8904,22:01,2019-09-02 22:01,2019-09-02 22:59,1,911
11110537,관악02,17,[17] 22:01,26_대학원생활관,26,618,대학원생활관,서울70사8904,22:01,2019-09-02 22:01,2019-09-02 22:59,1,912
11110537,관악02,17,[17] 22:01,27_노천강당,27,619,노천강당,서울70사8904,22:01,2019-09-02 22:01,,0,912
11110537,관악02,17,[17] 22:01,28_학부생활관,28,620,학부생활관,서울70사8904,22:01,2019-09-02 22:01,,0,912
11110537,관악02,17,[17] 22:01,29_BK국제관,29,621,BK국제관,서울70사8904,22:01,2019-09-02 22:01,2019-09-02 23:00,2,914
11110537,관악02,17,[17] 22:01,30_가족생활동,30,622,가족생활동,서울70사8904,22:01,2019-09-02 22:01,,0,914
11110537,관악02,17,[17] 22:01,31_호암교수회관,31,623,호암교수회관,서울70사8904,22:01,2019-09-02 22:01,,0,914
11110537,관악02,17,[17] 22:01,32_인헌아파트,32,624,인헌아파트,서울70사8904,22:01,2019-09-02 22:01,,0,914
11110537,관악02,17,[17] 22:01,33_서울과학전시관,33,625,서울과학전시관,서울70사8904,22:01,2019-09-02 22:01,,0,914
11110537,관악02,17,[17] 22:01,34_낙성대공원.관악복합평생교육센터,34,626,낙성대공원.관악복합평생교육센터,서울70사8904,22:01,2019-09-02 22:01,,0,914
11110537,관악02,17,[17] 22:01,35_낙성대현대아파트,35,627,낙성대현대아파트,서울70사8904,22:01,2019-09-02 22:01,2019-09-02 23:05,1,915
11110537,관악02,17,[17] 22:01,36_인헌초등학교,36,628,인헌초등학교,서울70사8904,22:01,2019-09-02 22:01,2019-09-02 23:06,1,916
11110537,관악02,17,[17] 22:01,37_낙성대입구,37,629,낙성대입구,서울70사8904,22:01,2019-09-02 22:01,2019-09-02 23:06,2,918
11110537,관악02,18,[18] 23:08,01_낙성대역,01,630,낙성대역,서울70사8904,23:08,2019-09-02 23:08,2019-09-02 23:08,8,926
11110537,관악02,18,[18] 23:08,02_낙성대입구,02,631,낙성대입구,서울70사8904,23:08,2019-09-02 23:08,2019-09-02 23:16,1,927
11110537,관악02,18,[18] 23:08,03_인헌초등학교,03,632,인헌초등학교,서울70사8904,23:08,2019-09-02 23:08,2019-09-02 23:17,1,928
11110537,관악02,18,[18] 23:08,04_낙성대현대아파트,04,633,낙성대현대아파트,서울70사8904,23:08,2019-09-02 23:08,,0,928
11110537,관악02,18,[18] 23:08,05_낙성대공원.관악복합평생교육센터,05,634,낙성대공원.관악복합평생교육센터,서울70사8904,23:08,2019-09-02 23:08,,0,928
11110537,관악02,18,[18] 23:08,06_서울과학전시관,06,635,서울과학전시관,서울70사8904,23:08,2019-09-02 23:08,,0,928
11110537,관악02,18,[18] 23:08,07_호암교수회관,07,636,호암교수회관,서울70사8904,23:08,2019-09-02 23:08,,0,928
11110537,관악02,18,[18] 23:08,08_인헌아파트,08,637,인헌아파트,서울70사8904,23:08,2019-09-02 23:08,,0,928
11110537,관악02,18,[18] 23:08,09_교수아파트,09,638,교수아파트,서울70사8904,23:08,2019-09-02 23:08,,0,928
11110537,관악02,18,[18] 23:08,10_가족생활동,10,639,가족생활동,서울70사8904,23:08,2019-09-02 23:08,2019-09-02 23:21,5,933
11110537,관악02,18,[18] 23:08,11_서울대후문.연구공원,11,640,서울대후문.연구공원,서울70사8904,23:08,2019-09-02 23:08,2019-09-02 23:22,2,935
11110537,관악02,18,[18] 23:08,12_학부생활관,12,641,학부생활관,서울70사8904,23:08,2019-09-02 23:08,2019-09-02 23:23,6,941
11110537,관악02,18,[18] 23:08,13_대학원생활관,13,642,대학원생활관,서울70사8904,23:08,2019-09-02 23:08,2019-09-02 23:24,5,946
11110537,관악02,18,[18] 23:08,14_기숙사삼거리,14,643,기숙사삼거리,서울70사8904,23:08,2019-09-02 23:08,,0,946
11110537,관악02,18,[18] 23:08,15_공동기기원,15,644,공동기기원,서울70사8904,23:08,2019-09-02 23:08,,0,946
11110537,관악02,18,[18] 23:08,16_유전공학연구소.반도체공동연구소,16,645,유전공학연구소.반도체공동연구소,서울70사8904,23:08,2019-09-02 23:08,,0,946
11110537,관악02,18,[18] 23:08,17_에너지자원연구소,17,646,에너지자원연구소,서울70사8904,23:08,2019-09-02 23:08,,0,946
11110537,관악02,18,[18] 23:08,18_신소재연구소,18,647,신소재연구소,서울70사8904,23:08,2019-09-02 23:08,,0,946
11110537,관악02,18,[18] 23:08,19_제2파워플랜트,19,648,제2파워플랜트,서울70사8904,23:08,2019-09-02 23:08,2019-09-02 23:29,1,947
11110537,관악02,18,[18] 23:08,20_건설환경종합연구소,20,649,건설환경종합연구소,서울70사8904,23:08,2019-09-02 23:08,,0,947
11110537,관악02,18,[18] 23:08,21_제2공학관,21,650,제2공학관,서울70사8904,23:08,2019-09-02 23:08,,0,947
11110537,관악02,18,[18] 23:08,22_유회진학술정보관.제1공학관,22,651,유회진학술정보관.제1공학관,서울70사8904,23:08,2019-09-02 23:08,,0,947
11110537,관악02,18,[18] 23:08,23_유전공학연구소.반도체공동연구소,23,652,유전공학연구소.반도체공동연구소,서울70사8904,23:08,2019-09-02 23:08,,0,947
11110537,관악02,18,[18] 23:08,24_교수회관입구,24,653,교수회관입구,서울70사8904,23:08,2019-09-02 23:08,,0,947
11110537,관악02,18,[18] 23:08,25_관악사삼거리,25,654,관악사삼거리,서울70사8904,23:08,2019-09-02 23:08,,0,947
11110537,관악02,18,[18] 23:08,26_대학원생활관,26,655,대학원생활관,서울70사8904,23:08,2019-09-02 23:08,,0,947
11110537,관악02,18,[18] 23:08,27_노천강당,27,656,노천강당,서울70사8904,23:08,2019-09-02 23:08,,0,947
11110537,관악02,18,[18] 23:08,28_학부생활관,28,657,학부생활관,서울70사8904,23:08,2019-09-02 23:08,,0,947
11110537,관악02,18,[18] 23:08,29_BK국제관,29,658,BK국제관,서울70사8904,23:08,2019-09-02 23:08,,0,947
11110537,관악02,18,[18] 23:08,30_가족생활동,30,659,가족생활동,서울70사8904,23:08,2019-09-02 23:08,,0,947
11110537,관악02,18,[18] 23:08,31_호암교수회관,31,660,호암교수회관,서울70사8904,23:08,2019-09-02 23:08,,0,947
11110537,관악02,18,[18] 23:08,32_인헌아파트,32,661,인헌아파트,서울70사8904,23:08,2019-09-02 23:08,2019-09-02 23:44,1,948
11110537,관악02,18,[18] 23:08,33_서울과학전시관,33,662,서울과학전시관,서울70사8904,23:08,2019-09-02 23:08,,0,948
11110537,관악02,18,[18] 23:08,34_낙성대공원.관악복합평생교육센터,34,663,낙성대공원.관악복합평생교육센터,서울70사8904,23:08,2019-09-02 23:08,,0,948
11110537,관악02,18,[18] 23:08,35_낙성대현대아파트,35,664,낙성대현대아파트,서울70사8904,23:08,2019-09-02 23:08,,0,948
11110537,관악02,18,[18] 23:08,36_인헌초등학교,36,665,인헌초등학교,서울70사8904,23:08,2019-09-02 23:08,2019-09-02 23:47,1,949
11110537,관악02,18,[18] 23:08,37_낙성대입구,37,666,낙성대입구,서울70사8904,23:08,2019-09-02 23:08,2019-09-02 23:47,2,951
