노선id,노선번호,운행회차,회차,정류소번호명,정류소번호,정류소순번,정류소명,차량번호,운행출발일시,운행출발연월일시,승차일시,인원,누적인원
11110537,관악02,1,[01] 06:44,01_낙성대역,1,1,낙성대역,서울70사8904,6:44,2019-09-02 6:44,2019-09-02 6:44,5,5
11110537,관악02,1,[01] 06:44,02_낙성대입구,2,2,낙성대입구,서울70사8904,6:44,2019-09-02 6:44,2019-09-02 6:53,1,6
11110537,관악02,1,[01] 06:44,03_인헌초등학교,3,3,인헌초등학교,서울70사8904,6:44,2019-09-02 6:44,,0,6
11110537,관악02,1,[01] 06:44,04_낙성대현대아파트,4,4,낙성대현대아파트,서울70사8904,6:44,2019-09-02 6:44,2019-09-02 6:55,1,7
11110537,관악02,1,[01] 06:44,05_낙성대공원.관악복합평생교육센터,5,5,낙성대공원.관악복합평생교육센터,서울70사8904,6:44,2019-09-02 6:44,,0,7
11110537,관악02,1,[01] 06:44,06_서울과학전시관,6,6,서울과학전시관,서울70사8904,6:44,2019-09-02 6:44,,0,7
11110537,관악02,1,[01] 06:44,07_호암교수회관,7,7,호암교수회관,서울70사8904,6:44,2019-09-02 6:44,,0,7
11110537,관악02,1,[01] 06:44,08_인헌아파트,8,8,인헌아파트,서울70사8904,6:44,2019-09-02 6:44,,0,7
11110537,관악02,1,[01] 06:44,09_교수아파트,9,9,교수아파트,서울70사8904,6:44,2019-09-02 6:44,,0,7
11110537,관악02,1,[01] 06:44,10_가족생활동,10,10,가족생활동,서울70사8904,6:44,2019-09-02 6:44,,0,7
11110537,관악02,1,[01] 06:44,11_서울대후문.연구공원,11,11,서울대후문.연구공원,서울70사8904,6:44,2019-09-02 6:44,,0,7
11110537,관악02,1,[01] 06:44,12_학부생활관,12,12,학부생활관,서울70사8904,6:44,2019-09-02 6:44,2019-09-02 7:35,1,8
11110537,관악02,1,[01] 06:44,13_대학원생활관,13,13,대학원생활관,서울70사8904,6:44,2019-09-02 6:44,2019-09-02 7:35,3,11
11110537,관악02,1,[01] 06:44,14_기숙사삼거리,14,14,기숙사삼거리,서울70사8904,6:44,2019-09-02 6:44,,0,11
11110537,관악02,1,[01] 06:44,15_공동기기원,15,15,공동기기원,서울70사8904,6:44,2019-09-02 6:44,,0,11
11110537,관악02,1,[01] 06:44,16_유전공학연구소.반도체공동연구소,16,16,유전공학연구소.반도체공동연구소,서울70사8904,6:44,2019-09-02 6:44,,0,11
11110537,관악02,1,[01] 06:44,17_에너지자원연구소,17,17,에너지자원연구소,서울70사8904,6:44,2019-09-02 6:44,,0,11
11110537,관악02,1,[01] 06:44,18_신소재연구소,18,18,신소재연구소,서울70사8904,6:44,2019-09-02 6:44,,0,11
11110537,관악02,1,[01] 06:44,19_제2파워플랜트,19,19,제2파워플랜트,서울70사8904,6:44,2019-09-02 6:44,,0,11
11110537,관악02,1,[01] 06:44,20_건설환경종합연구소,20,20,건설환경종합연구소,서울70사8904,6:44,2019-09-02 6:44,,0,11
11110537,관악02,1,[01] 06:44,21_제2공학관,21,21,제2공학관,서울70사8904,6:44,2019-09-02 6:44,,0,11
11110537,관악02,1,[01] 06:44,22_유회진학술정보관.제1공학관,22,22,유회진학술정보관.제1공학관,서울70사8904,6:44,2019-09-02 6:44,,0,11
11110537,관악02,1,[01] 06:44,23_유전공학연구소.반도체공동연구소,23,23,유전공학연구소.반도체공동연구소,서울70사8904,6:44,2019-09-02 6:44,,0,11
11110537,관악02,1,[01] 06:44,24_교수회관입구,24,24,교수회관입구,서울70사8904,6:44,2019-09-02 6:44,,0,11
11110537,관악02,1,[01] 06:44,25_관악사삼거리,25,25,관악사삼거리,서울70사8904,6:44,2019-09-02 6:44,,0,11
11110537,관악02,1,[01] 06:44,26_대학원생활관,26,26,대학원생활관,서울70사8904,6:44,2019-09-02 6:44,,0,11
11110537,관악02,1,[01] 06:44,27_노천강당,27,27,노천강당,서울70사8904,6:44,2019-09-02 6:44,,0,11
11110537,관악02,1,[01] 06:44,28_학부생활관,28,28,학부생활관,서울70사8904,6:44,2019-09-02 6:44,,0,11
11110537,관악02,1,[01] 06:44,29_BK국제관,29,29,BK국제관,서울70사8904,6:44,2019-09-02 6:44,2019-09-02 7:36,1,12
11110537,관악02,1,[01] 06:44,30_가족생활동,30,30,가족생활동,서울70사8904,6:44,2019-09-02 6:44,2019-09-02 7:36,2,14
11110537,관악02,1,[01] 06:44,31_호암교수회관,31,31,호암교수회관,서울70사8904,6:44,2019-09-02 6:44,,0,14
11110537,관악02,1,[01] 06:44,32_인헌아파트,32,32,인헌아파트,서울70사8904,6:44,2019-09-02 6:44,2019-09-02 7:38,4,18
11110537,관악02,1,[01] 06:44,33_서울과학전시관,33,33,서울과학전시관,서울70사8904,6:44,2019-09-02 6:44,2019-09-02 7:39,5,23
11110537,관악02,1,[01] 06:44,34_낙성대공원.관악복합평생교육센터,34,34,낙성대공원.관악복합평생교육센터,서울70사8904,6:44,2019-09-02 6:44,2019-09-02 7:40,1,24
11110537,관악02,1,[01] 06:44,35_낙성대현대아파트,35,35,낙성대현대아파트,서울70사8904,6:44,2019-09-02 6:44,,0,24
11110537,관악02,1,[01] 06:44,36_인헌초등학교,36,36,인헌초등학교,서울70사8904,6:44,2019-09-02 6:44,2019-09-02 7:42,1,25
11110537,관악02,1,[01] 06:44,37_낙성대입구,37,37,낙성대입구,서울70사8904,6:44,2019-09-02 6:44,2019-09-02 7:44,2,27
11110537,관악02,2,[02] 07:47,01_낙성대역,1,38,낙성대역,서울70사8904,7:47,2019-09-02 7:47,2019-09-02 7:47,10,37
11110537,관악02,2,[02] 07:47,02_낙성대입구,2,39,낙성대입구,서울70사8904,7:47,2019-09-02 7:47,2019-09-02 7:55,1,38
11110537,관악02,2,[02] 07:47,03_인헌초등학교,3,40,인헌초등학교,서울70사8904,7:47,2019-09-02 7:47,2019-09-02 7:56,3,41
11110537,관악02,2,[02] 07:47,04_낙성대현대아파트,4,41,낙성대현대아파트,서울70사8904,7:47,2019-09-02 7:47,2019-09-02 7:57,1,42
11110537,관악02,2,[02] 07:47,05_낙성대공원.관악복합평생교육센터,5,42,낙성대공원.관악복합평생교육센터,서울70사8904,7:47,2019-09-02 7:47,2019-09-02 7:58,1,43
11110537,관악02,2,[02] 07:47,06_서울과학전시관,6,43,서울과학전시관,서울70사8904,7:47,2019-09-02 7:47,,0,43
11110537,관악02,2,[02] 07:47,07_호암교수회관,7,44,호암교수회관,서울70사8904,7:47,2019-09-02 7:47,2019-09-02 7:59,4,47
11110537,관악02,2,[02] 07:47,08_인헌아파트,8,45,인헌아파트,서울70사8904,7:47,2019-09-02 7:47,,0,47
11110537,관악02,2,[02] 07:47,09_교수아파트,9,46,교수아파트,서울70사8904,7:47,2019-09-02 7:47,,0,47
11110537,관악02,2,[02] 07:47,10_가족생활동,10,47,가족생활동,서울70사8904,7:47,2019-09-02 7:47,,0,47
11110537,관악02,2,[02] 07:47,11_서울대후문.연구공원,11,48,서울대후문.연구공원,서울70사8904,7:47,2019-09-02 7:47,,0,47
11110537,관악02,2,[02] 07:47,12_학부생활관,12,49,학부생활관,서울70사8904,7:47,2019-09-02 7:47,2019-09-02 8:02,1,48
11110537,관악02,2,[02] 07:47,13_대학원생활관,13,50,대학원생활관,서울70사8904,7:47,2019-09-02 7:47,,0,48
11110537,관악02,2,[02] 07:47,14_기숙사삼거리,14,51,기숙사삼거리,서울70사8904,7:47,2019-09-02 7:47,,0,48
11110537,관악02,2,[02] 07:47,15_공동기기원,15,52,공동기기원,서울70사8904,7:47,2019-09-02 7:47,,0,48
11110537,관악02,2,[02] 07:47,16_유전공학연구소.반도체공동연구소,16,53,유전공학연구소.반도체공동연구소,서울70사8904,7:47,2019-09-02 7:47,,0,48
11110537,관악02,2,[02] 07:47,17_에너지자원연구소,17,54,에너지자원연구소,서울70사8904,7:47,2019-09-02 7:47,,0,48
11110537,관악02,2,[02] 07:47,18_신소재연구소,18,55,신소재연구소,서울70사8904,7:47,2019-09-02 7:47,,0,48
11110537,관악02,2,[02] 07:47,19_제2파워플랜트,19,56,제2파워플랜트,서울70사8904,7:47,2019-09-02 7:47,,0,48
11110537,관악02,2,[02] 07:47,20_건설환경종합연구소,20,57,건설환경종합연구소,서울70사8904,7:47,2019-09-02 7:47,,0,48
11110537,관악02,2,[02] 07:47,21_제2공학관,21,58,제2공학관,서울70사8904,7:47,2019-09-02 7:47,,0,48
11110537,관악02,2,[02] 07:47,22_유회진학술정보관.제1공학관,22,59,유회진학술정보관.제1공학관,서울70사8904,7:47,2019-09-02 7:47,,0,48
11110537,관악02,2,[02] 07:47,23_유전공학연구소.반도체공동연구소,23,60,유전공학연구소.반도체공동연구소,서울70사8904,7:47,2019-09-02 7:47,,0,48
11110537,관악02,2,[02] 07:47,24_교수회관입구,24,61,교수회관입구,서울70사8904,7:47,2019-09-02 7:47,,0,48
11110537,관악02,2,[02] 07:47,25_관악사삼거리,25,62,관악사삼거리,서울70사8904,7:47,2019-09-02 7:47,2019-09-02 8:17,3,51
11110537,관악02,2,[02] 07:47,26_대학원생활관,26,63,대학원생활관,서울70사8904,7:47,2019-09-02 7:47,2019-09-02 8:18,1,52
11110537,관악02,2,[02] 07:47,27_노천강당,27,64,노천강당,서울70사8904,7:47,2019-09-02 7:47,,0,52
11110537,관악02,2,[02] 07:47,28_학부생활관,28,65,학부생활관,서울70사8904,7:47,2019-09-02 7:47,2019-09-02 8:19,4,56
11110537,관악02,2,[02] 07:47,29_BK국제관,29,66,BK국제관,서울70사8904,7:47,2019-09-02 7:47,,0,56
11110537,관악02,2,[02] 07:47,30_가족생활동,30,67,가족생활동,서울70사8904,7:47,2019-09-02 7:47,,0,56
11110537,관악02,2,[02] 07:47,31_호암교수회관,31,68,호암교수회관,서울70사8904,7:47,2019-09-02 7:47,,0,56
11110537,관악02,2,[02] 07:47,32_인헌아파트,32,69,인헌아파트,서울70사8904,7:47,2019-09-02 7:47,2019-09-02 8:21,1,57
11110537,관악02,2,[02] 07:47,33_서울과학전시관,33,70,서울과학전시관,서울70사8904,7:47,2019-09-02 7:47,2019-09-02 8:22,4,61
11110537,관악02,2,[02] 07:47,34_낙성대공원.관악복합평생교육센터,34,71,낙성대공원.관악복합평생교육센터,서울70사8904,7:47,2019-09-02 7:47,2019-09-02 8:23,1,62
11110537,관악02,2,[02] 07:47,35_낙성대현대아파트,35,72,낙성대현대아파트,서울70사8904,7:47,2019-09-02 7:47,2019-09-02 8:25,1,63
11110537,관악02,2,[02] 07:47,36_인헌초등학교,36,73,인헌초등학교,서울70사8904,7:47,2019-09-02 7:47,2019-09-02 8:25,3,66
11110537,관악02,2,[02] 07:47,37_낙성대입구,37,74,낙성대입구,서울70사8904,7:47,2019-09-02 7:47,,0,66
11110537,관악02,3,[03] 08:32,01_낙성대역,1,75,낙성대역,서울70사8904,8:32,2019-09-02 8:32,2019-09-02 8:32,25,91
11110537,관악02,3,[03] 08:32,02_낙성대입구,2,76,낙성대입구,서울70사8904,8:32,2019-09-02 8:32,2019-09-02 8:37,3,94
11110537,관악02,3,[03] 08:32,03_인헌초등학교,3,77,인헌초등학교,서울70사8904,8:32,2019-09-02 8:32,,0,94
11110537,관악02,3,[03] 08:32,04_낙성대현대아파트,4,78,낙성대현대아파트,서울70사8904,8:32,2019-09-02 8:32,,0,94
11110537,관악02,3,[03] 08:32,05_낙성대공원.관악복합평생교육센터,5,79,낙성대공원.관악복합평생교육센터,서울70사8904,8:32,2019-09-02 8:32,,0,94
11110537,관악02,3,[03] 08:32,06_서울과학전시관,6,80,서울과학전시관,서울70사8904,8:32,2019-09-02 8:32,,0,94
11110537,관악02,3,[03] 08:32,07_호암교수회관,7,81,호암교수회관,서울70사8904,8:32,2019-09-02 8:32,2019-09-02 8:41,7,101
11110537,관악02,3,[03] 08:32,08_인헌아파트,8,82,인헌아파트,서울70사8904,8:32,2019-09-02 8:32,,0,101
11110537,관악02,3,[03] 08:32,09_교수아파트,9,83,교수아파트,서울70사8904,8:32,2019-09-02 8:32,,0,101
11110537,관악02,3,[03] 08:32,10_가족생활동,10,84,가족생활동,서울70사8904,8:32,2019-09-02 8:32,,0,101
11110537,관악02,3,[03] 08:32,11_서울대후문.연구공원,11,85,서울대후문.연구공원,서울70사8904,8:32,2019-09-02 8:32,,0,101
11110537,관악02,3,[03] 08:32,12_학부생활관,12,86,학부생활관,서울70사8904,8:32,2019-09-02 8:32,,0,101
11110537,관악02,3,[03] 08:32,13_대학원생활관,13,87,대학원생활관,서울70사8904,8:32,2019-09-02 8:32,,0,101
11110537,관악02,3,[03] 08:32,14_기숙사삼거리,14,88,기숙사삼거리,서울70사8904,8:32,2019-09-02 8:32,,0,101
11110537,관악02,3,[03] 08:32,15_공동기기원,15,89,공동기기원,서울70사8904,8:32,2019-09-02 8:32,,0,101
11110537,관악02,3,[03] 08:32,16_유전공학연구소.반도체공동연구소,16,90,유전공학연구소.반도체공동연구소,서울70사8904,8:32,2019-09-02 8:32,,0,101
11110537,관악02,3,[03] 08:32,17_에너지자원연구소,17,91,에너지자원연구소,서울70사8904,8:32,2019-09-02 8:32,,0,101
11110537,관악02,3,[03] 08:32,18_신소재연구소,18,92,신소재연구소,서울70사8904,8:32,2019-09-02 8:32,,0,101
11110537,관악02,3,[03] 08:32,19_제2파워플랜트,19,93,제2파워플랜트,서울70사8904,8:32,2019-09-02 8:32,,0,101
11110537,관악02,3,[03] 08:32,20_건설환경종합연구소,20,94,건설환경종합연구소,서울70사8904,8:32,2019-09-02 8:32,,0,101
11110537,관악02,3,[03] 08:32,21_제2공학관,21,95,제2공학관,서울70사8904,8:32,2019-09-02 8:32,,0,101
11110537,관악02,3,[03] 08:32,22_유회진학술정보관.제1공학관,22,96,유회진학술정보관.제1공학관,서울70사8904,8:32,2019-09-02 8:32,,0,101
11110537,관악02,3,[03] 08:32,23_유전공학연구소.반도체공동연구소,23,97,유전공학연구소.반도체공동연구소,서울70사8904,8:32,2019-09-02 8:32,,0,101
11110537,관악02,3,[03] 08:32,24_교수회관입구,24,98,교수회관입구,서울70사8904,8:32,2019-09-02 8:32,,0,101
11110537,관악02,3,[03] 08:32,25_관악사삼거리,25,99,관악사삼거리,서울70사8904,8:32,2019-09-02 8:32,2019-09-02 9:02,1,102
11110537,관악02,3,[03] 08:32,26_대학원생활관,26,100,대학원생활관,서울70사8904,8:32,2019-09-02 8:32,,0,102
11110537,관악02,3,[03] 08:32,27_노천강당,27,101,노천강당,서울70사8904,8:32,2019-09-02 8:32,,0,102
11110537,관악02,3,[03] 08:32,28_학부생활관,28,102,학부생활관,서울70사8904,8:32,2019-09-02 8:32,,0,102
11110537,관악02,3,[03] 08:32,29_BK국제관,29,103,BK국제관,서울70사8904,8:32,2019-09-02 8:32,2019-09-02 9:03,1,103
11110537,관악02,3,[03] 08:32,30_가족생활동,30,104,가족생활동,서울70사8904,8:32,2019-09-02 8:32,2019-09-02 9:04,1,104
11110537,관악02,3,[03] 08:32,31_호암교수회관,31,105,호암교수회관,서울70사8904,8:32,2019-09-02 8:32,,0,104
11110537,관악02,3,[03] 08:32,32_인헌아파트,32,106,인헌아파트,서울70사8904,8:32,2019-09-02 8:32,,0,104
11110537,관악02,3,[03] 08:32,33_서울과학전시관,33,107,서울과학전시관,서울70사8904,8:32,2019-09-02 8:32,,0,104
11110537,관악02,3,[03] 08:32,34_낙성대공원.관악복합평생교육센터,34,108,낙성대공원.관악복합평생교육센터,서울70사8904,8:32,2019-09-02 8:32,,0,104
11110537,관악02,3,[03] 08:32,35_낙성대현대아파트,35,109,낙성대현대아파트,서울70사8904,8:32,2019-09-02 8:32,,0,104
11110537,관악02,3,[03] 08:32,36_인헌초등학교,36,110,인헌초등학교,서울70사8904,8:32,2019-09-02 8:32,,0,104
11110537,관악02,3,[03] 08:32,37_낙성대입구,37,111,낙성대입구,서울70사8904,8:32,2019-09-02 8:32,2019-09-02 9:09,1,105
11110537,관악02,4,[04] 09:13,01_낙성대역,1,112,낙성대역,서울70사8904,9:13,2019-09-02 9:13,2019-09-02 9:13,31,136
11110537,관악02,4,[04] 09:13,02_낙성대입구,2,113,낙성대입구,서울70사8904,9:13,2019-09-02 9:13,,0,136
11110537,관악02,4,[04] 09:13,03_인헌초등학교,3,114,인헌초등학교,서울70사8904,9:13,2019-09-02 9:13,2019-09-02 9:19,1,137
11110537,관악02,4,[04] 09:13,04_낙성대현대아파트,4,115,낙성대현대아파트,서울70사8904,9:13,2019-09-02 9:13,,0,137
11110537,관악02,4,[04] 09:13,05_낙성대공원.관악복합평생교육센터,5,116,낙성대공원.관악복합평생교육센터,서울70사8904,9:13,2019-09-02 9:13,,0,137
11110537,관악02,4,[04] 09:13,06_서울과학전시관,6,117,서울과학전시관,서울70사8904,9:13,2019-09-02 9:13,,0,137
11110537,관악02,4,[04] 09:13,07_호암교수회관,7,118,호암교수회관,서울70사8904,9:13,2019-09-02 9:13,2019-09-02 9:23,3,140
11110537,관악02,4,[04] 09:13,08_인헌아파트,8,119,인헌아파트,서울70사8904,9:13,2019-09-02 9:13,,0,140
11110537,관악02,4,[04] 09:13,09_교수아파트,9,120,교수아파트,서울70사8904,9:13,2019-09-02 9:13,,0,140
11110537,관악02,4,[04] 09:13,10_가족생활동,10,121,가족생활동,서울70사8904,9:13,2019-09-02 9:13,,0,140
11110537,관악02,4,[04] 09:13,11_서울대후문.연구공원,11,122,서울대후문.연구공원,서울70사8904,9:13,2019-09-02 9:13,,0,140
11110537,관악02,4,[04] 09:13,12_학부생활관,12,123,학부생활관,서울70사8904,9:13,2019-09-02 9:13,,0,140
11110537,관악02,4,[04] 09:13,13_대학원생활관,13,124,대학원생활관,서울70사8904,9:13,2019-09-02 9:13,,0,140
11110537,관악02,4,[04] 09:13,14_기숙사삼거리,14,125,기숙사삼거리,서울70사8904,9:13,2019-09-02 9:13,2019-09-02 9:27,3,143
11110537,관악02,4,[04] 09:13,15_공동기기원,15,126,공동기기원,서울70사8904,9:13,2019-09-02 9:13,,0,143
11110537,관악02,4,[04] 09:13,16_유전공학연구소.반도체공동연구소,16,127,유전공학연구소.반도체공동연구소,서울70사8904,9:13,2019-09-02 9:13,,0,143
11110537,관악02,4,[04] 09:13,17_에너지자원연구소,17,128,에너지자원연구소,서울70사8904,9:13,2019-09-02 9:13,,0,143
11110537,관악02,4,[04] 09:13,18_신소재연구소,18,129,신소재연구소,서울70사8904,9:13,2019-09-02 9:13,,0,143
11110537,관악02,4,[04] 09:13,19_제2파워플랜트,19,130,제2파워플랜트,서울70사8904,9:13,2019-09-02 9:13,,0,143
11110537,관악02,4,[04] 09:13,20_건설환경종합연구소,20,131,건설환경종합연구소,서울70사8904,9:13,2019-09-02 9:13,,0,143
11110537,관악02,4,[04] 09:13,21_제2공학관,21,132,제2공학관,서울70사8904,9:13,2019-09-02 9:13,,0,143
11110537,관악02,4,[04] 09:13,22_유회진학술정보관.제1공학관,22,133,유회진학술정보관.제1공학관,서울70사8904,9:13,2019-09-02 9:13,,0,143
11110537,관악02,4,[04] 09:13,23_유전공학연구소.반도체공동연구소,23,134,유전공학연구소.반도체공동연구소,서울70사8904,9:13,2019-09-02 9:13,,0,143
11110537,관악02,4,[04] 09:13,24_교수회관입구,24,135,교수회관입구,서울70사8904,9:13,2019-09-02 9:13,,0,143
11110537,관악02,4,[04] 09:13,25_관악사삼거리,25,136,관악사삼거리,서울70사8904,9:13,2019-09-02 9:13,,0,143
11110537,관악02,4,[04] 09:13,26_대학원생활관,26,137,대학원생활관,서울70사8904,9:13,2019-09-02 9:13,,0,143
11110537,관악02,4,[04] 09:13,27_노천강당,27,138,노천강당,서울70사8904,9:13,2019-09-02 9:13,,0,143
11110537,관악02,4,[04] 09:13,28_학부생활관,28,139,학부생활관,서울70사8904,9:13,2019-09-02 9:13,2019-09-02 9:47,1,144
11110537,관악02,4,[04] 09:13,29_BK국제관,29,140,BK국제관,서울70사8904,9:13,2019-09-02 9:13,2019-09-02 9:48,4,148
11110537,관악02,4,[04] 09:13,30_가족생활동,30,141,가족생활동,서울70사8904,9:13,2019-09-02 9:13,2019-09-02 9:48,3,151
11110537,관악02,4,[04] 09:13,31_호암교수회관,31,142,호암교수회관,서울70사8904,9:13,2019-09-02 9:13,,0,151
11110537,관악02,4,[04] 09:13,32_인헌아파트,32,143,인헌아파트,서울70사8904,9:13,2019-09-02 9:13,2019-09-02 9:50,2,153
11110537,관악02,4,[04] 09:13,33_서울과학전시관,33,144,서울과학전시관,서울70사8904,9:13,2019-09-02 9:13,,0,153
11110537,관악02,4,[04] 09:13,34_낙성대공원.관악복합평생교육센터,34,145,낙성대공원.관악복합평생교육센터,서울70사8904,9:13,2019-09-02 9:13,,0,153
11110537,관악02,4,[04] 09:13,35_낙성대현대아파트,35,146,낙성대현대아파트,서울70사8904,9:13,2019-09-02 9:13,2019-09-02 9:53,1,154
11110537,관악02,4,[04] 09:13,36_인헌초등학교,36,147,인헌초등학교,서울70사8904,9:13,2019-09-02 9:13,,0,154
11110537,관악02,4,[04] 09:13,37_낙성대입구,37,148,낙성대입구,서울70사8904,9:13,2019-09-02 9:13,,0,154
11110537,관악02,5,[05] 09:59,01_낙성대역,1,149,낙성대역,서울70사8904,9:59,2019-09-02 9:59,2019-09-02 9:59,34,188
11110537,관악02,5,[05] 09:59,02_낙성대입구,2,150,낙성대입구,서울70사8904,9:59,2019-09-02 9:59,,0,188
11110537,관악02,5,[05] 09:59,03_인헌초등학교,3,151,인헌초등학교,서울70사8904,9:59,2019-09-02 9:59,,0,188
11110537,관악02,5,[05] 09:59,04_낙성대현대아파트,4,152,낙성대현대아파트,서울70사8904,9:59,2019-09-02 9:59,,0,188
11110537,관악02,5,[05] 09:59,05_낙성대공원.관악복합평생교육센터,5,153,낙성대공원.관악복합평생교육센터,서울70사8904,9:59,2019-09-02 9:59,,0,188
11110537,관악02,5,[05] 09:59,06_서울과학전시관,6,154,서울과학전시관,서울70사8904,9:59,2019-09-02 9:59,,0,188
11110537,관악02,5,[05] 09:59,07_호암교수회관,7,155,호암교수회관,서울70사8904,9:59,2019-09-02 9:59,2019-09-02 10:11,3,191
11110537,관악02,5,[05] 09:59,08_인헌아파트,8,156,인헌아파트,서울70사8904,9:59,2019-09-02 9:59,,0,191
11110537,관악02,5,[05] 09:59,09_교수아파트,9,157,교수아파트,서울70사8904,9:59,2019-09-02 9:59,,0,191
11110537,관악02,5,[05] 09:59,10_가족생활동,10,158,가족생활동,서울70사8904,9:59,2019-09-02 9:59,,0,191
11110537,관악02,5,[05] 09:59,11_서울대후문.연구공원,11,159,서울대후문.연구공원,서울70사8904,9:59,2019-09-02 9:59,,0,191
11110537,관악02,5,[05] 09:59,12_학부생활관,12,160,학부생활관,서울70사8904,9:59,2019-09-02 9:59,,0,191
11110537,관악02,5,[05] 09:59,13_대학원생활관,13,161,대학원생활관,서울70사8904,9:59,2019-09-02 9:59,,0,191
11110537,관악02,5,[05] 09:59,14_기숙사삼거리,14,162,기숙사삼거리,서울70사8904,9:59,2019-09-02 9:59,,0,191
11110537,관악02,5,[05] 09:59,15_공동기기원,15,163,공동기기원,서울70사8904,9:59,2019-09-02 9:59,,0,191
11110537,관악02,5,[05] 09:59,16_유전공학연구소.반도체공동연구소,16,164,유전공학연구소.반도체공동연구소,서울70사8904,9:59,2019-09-02 9:59,,0,191
11110537,관악02,5,[05] 09:59,17_에너지자원연구소,17,165,에너지자원연구소,서울70사8904,9:59,2019-09-02 9:59,,0,191
11110537,관악02,5,[05] 09:59,18_신소재연구소,18,166,신소재연구소,서울70사8904,9:59,2019-09-02 9:59,,0,191
11110537,관악02,5,[05] 09:59,19_제2파워플랜트,19,167,제2파워플랜트,서울70사8904,9:59,2019-09-02 9:59,,0,191
11110537,관악02,5,[05] 09:59,20_건설환경종합연구소,20,168,건설환경종합연구소,서울70사8904,9:59,2019-09-02 9:59,,0,191
11110537,관악02,5,[05] 09:59,21_제2공학관,21,169,제2공학관,서울70사8904,9:59,2019-09-02 9:59,,0,191
11110537,관악02,5,[05] 09:59,22_유회진학술정보관.제1공학관,22,170,유회진학술정보관.제1공학관,서울70사8904,9:59,2019-09-02 9:59,,0,191
11110537,관악02,5,[05] 09:59,23_유전공학연구소.반도체공동연구소,23,171,유전공학연구소.반도체공동연구소,서울70사8904,9:59,2019-09-02 9:59,,0,191
11110537,관악02,5,[05] 09:59,24_교수회관입구,24,172,교수회관입구,서울70사8904,9:59,2019-09-02 9:59,,0,191
11110537,관악02,5,[05] 09:59,25_관악사삼거리,25,173,관악사삼거리,서울70사8904,9:59,2019-09-02 9:59,,0,191
11110537,관악02,5,[05] 09:59,26_대학원생활관,26,174,대학원생활관,서울70사8904,9:59,2019-09-02 9:59,,0,191
11110537,관악02,5,[05] 09:59,27_노천강당,27,175,노천강당,서울70사8904,9:59,2019-09-02 9:59,2019-09-02 10:16,2,193
11110537,관악02,5,[05] 09:59,28_학부생활관,28,176,학부생활관,서울70사8904,9:59,2019-09-02 9:59,,0,193
11110537,관악02,5,[05] 09:59,29_BK국제관,29,177,BK국제관,서울70사8904,9:59,2019-09-02 9:59,,0,193
11110537,관악02,5,[05] 09:59,30_가족생활동,30,178,가족생활동,서울70사8904,9:59,2019-09-02 9:59,,0,193
11110537,관악02,5,[05] 09:59,31_호암교수회관,31,179,호암교수회관,서울70사8904,9:59,2019-09-02 9:59,,0,193
11110537,관악02,5,[05] 09:59,32_인헌아파트,32,180,인헌아파트,서울70사8904,9:59,2019-09-02 9:59,,0,193
11110537,관악02,5,[05] 09:59,33_서울과학전시관,33,181,서울과학전시관,서울70사8904,9:59,2019-09-02 9:59,,0,193
11110537,관악02,5,[05] 09:59,34_낙성대공원.관악복합평생교육센터,34,182,낙성대공원.관악복합평생교육센터,서울70사8904,9:59,2019-09-02 9:59,,0,193
11110537,관악02,5,[05] 09:59,35_낙성대현대아파트,35,183,낙성대현대아파트,서울70사8904,9:59,2019-09-02 9:59,,0,193
11110537,관악02,5,[05] 09:59,36_인헌초등학교,36,184,인헌초등학교,서울70사8904,9:59,2019-09-02 9:59,,0,193
11110537,관악02,5,[05] 09:59,37_낙성대입구,37,185,낙성대입구,서울70사8904,9:59,2019-09-02 9:59,,0,193
11110537,관악02,6,[06] 10:54,01_낙성대역,1,186,낙성대역,서울70사8904,10:54,2019-09-02 10:54,2019-09-02 10:54,28,221
11110537,관악02,6,[06] 10:54,02_낙성대입구,2,187,낙성대입구,서울70사8904,10:54,2019-09-02 10:54,2019-09-02 11:03,1,222
11110537,관악02,6,[06] 10:54,03_인헌초등학교,3,188,인헌초등학교,서울70사8904,10:54,2019-09-02 10:54,,0,222
11110537,관악02,6,[06] 10:54,04_낙성대현대아파트,4,189,낙성대현대아파트,서울70사8904,10:54,2019-09-02 10:54,2019-09-02 11:04,1,223
11110537,관악02,6,[06] 10:54,05_낙성대공원.관악복합평생교육센터,5,190,낙성대공원.관악복합평생교육센터,서울70사8904,10:54,2019-09-02 10:54,2019-09-02 11:05,1,224
11110537,관악02,6,[06] 10:54,06_서울과학전시관,6,191,서울과학전시관,서울70사8904,10:54,2019-09-02 10:54,,0,224
11110537,관악02,6,[06] 10:54,07_호암교수회관,7,192,호암교수회관,서울70사8904,10:54,2019-09-02 10:54,,0,224
11110537,관악02,6,[06] 10:54,08_인헌아파트,8,193,인헌아파트,서울70사8904,10:54,2019-09-02 10:54,,0,224
11110537,관악02,6,[06] 10:54,09_교수아파트,9,194,교수아파트,서울70사8904,10:54,2019-09-02 10:54,,0,224
11110537,관악02,6,[06] 10:54,10_가족생활동,10,195,가족생활동,서울70사8904,10:54,2019-09-02 10:54,,0,224
11110537,관악02,6,[06] 10:54,11_서울대후문.연구공원,11,196,서울대후문.연구공원,서울70사8904,10:54,2019-09-02 10:54,,0,224
11110537,관악02,6,[06] 10:54,12_학부생활관,12,197,학부생활관,서울70사8904,10:54,2019-09-02 10:54,,0,224
11110537,관악02,6,[06] 10:54,13_대학원생활관,13,198,대학원생활관,서울70사8904,10:54,2019-09-02 10:54,,0,224
11110537,관악02,6,[06] 10:54,14_기숙사삼거리,14,199,기숙사삼거리,서울70사8904,10:54,2019-09-02 10:54,2019-09-02 11:12,2,226
11110537,관악02,6,[06] 10:54,15_공동기기원,15,200,공동기기원,서울70사8904,10:54,2019-09-02 10:54,,0,226
11110537,관악02,6,[06] 10:54,16_유전공학연구소.반도체공동연구소,16,201,유전공학연구소.반도체공동연구소,서울70사8904,10:54,2019-09-02 10:54,,0,226
11110537,관악02,6,[06] 10:54,17_에너지자원연구소,17,202,에너지자원연구소,서울70사8904,10:54,2019-09-02 10:54,,0,226
11110537,관악02,6,[06] 10:54,18_신소재연구소,18,203,신소재연구소,서울70사8904,10:54,2019-09-02 10:54,,0,226
11110537,관악02,6,[06] 10:54,19_제2파워플랜트,19,204,제2파워플랜트,서울70사8904,10:54,2019-09-02 10:54,,0,226
11110537,관악02,6,[06] 10:54,20_건설환경종합연구소,20,205,건설환경종합연구소,서울70사8904,10:54,2019-09-02 10:54,,0,226
11110537,관악02,6,[06] 10:54,21_제2공학관,21,206,제2공학관,서울70사8904,10:54,2019-09-02 10:54,2019-09-02 11:27,1,227
11110537,관악02,6,[06] 10:54,22_유회진학술정보관.제1공학관,22,207,유회진학술정보관.제1공학관,서울70사8904,10:54,2019-09-02 10:54,,0,227
11110537,관악02,6,[06] 10:54,23_유전공학연구소.반도체공동연구소,23,208,유전공학연구소.반도체공동연구소,서울70사8904,10:54,2019-09-02 10:54,2019-09-02 11:39,3,230
11110537,관악02,6,[06] 10:54,24_교수회관입구,24,209,교수회관입구,서울70사8904,10:54,2019-09-02 10:54,,0,230
11110537,관악02,6,[06] 10:54,25_관악사삼거리,25,210,관악사삼거리,서울70사8904,10:54,2019-09-02 10:54,,0,230
11110537,관악02,6,[06] 10:54,26_대학원생활관,26,211,대학원생활관,서울70사8904,10:54,2019-09-02 10:54,2019-09-02 11:43,7,237
11110537,관악02,6,[06] 10:54,27_노천강당,27,212,노천강당,서울70사8904,10:54,2019-09-02 10:54,2019-09-02 11:42,2,239
11110537,관악02,6,[06] 10:54,28_학부생활관,28,213,학부생활관,서울70사8904,10:54,2019-09-02 10:54,,0,239
11110537,관악02,6,[06] 10:54,29_BK국제관,29,214,BK국제관,서울70사8904,10:54,2019-09-02 10:54,,0,239
11110537,관악02,6,[06] 10:54,30_가족생활동,30,215,가족생활동,서울70사8904,10:54,2019-09-02 10:54,2019-09-02 11:45,2,241
11110537,관악02,6,[06] 10:54,31_호암교수회관,31,216,호암교수회관,서울70사8904,10:54,2019-09-02 10:54,,0,241
11110537,관악02,6,[06] 10:54,32_인헌아파트,32,217,인헌아파트,서울70사8904,10:54,2019-09-02 10:54,2019-09-02 11:47,1,242
11110537,관악02,6,[06] 10:54,33_서울과학전시관,33,218,서울과학전시관,서울70사8904,10:54,2019-09-02 10:54,2019-09-02 11:48,2,244
11110537,관악02,6,[06] 10:54,34_낙성대공원.관악복합평생교육센터,34,219,낙성대공원.관악복합평생교육센터,서울70사8904,10:54,2019-09-02 10:54,2019-09-02 11:49,2,246
11110537,관악02,6,[06] 10:54,35_낙성대현대아파트,35,220,낙성대현대아파트,서울70사8904,10:54,2019-09-02 10:54,,0,246
11110537,관악02,6,[06] 10:54,36_인헌초등학교,36,221,인헌초등학교,서울70사8904,10:54,2019-09-02 10:54,,0,246
11110537,관악02,6,[06] 10:54,37_낙성대입구,37,222,낙성대입구,서울70사8904,10:54,2019-09-02 10:54,,0,246
11110537,관악02,7,[07] 11:56,01_낙성대역,1,223,낙성대역,서울70사8904,11:56,2019-09-02 11:56,2019-09-02 11:56,32,278
11110537,관악02,7,[07] 11:56,02_낙성대입구,2,224,낙성대입구,서울70사8904,11:56,2019-09-02 11:56,,0,278
11110537,관악02,7,[07] 11:56,03_인헌초등학교,3,225,인헌초등학교,서울70사8904,11:56,2019-09-02 11:56,2019-09-02 12:04,2,280
11110537,관악02,7,[07] 11:56,04_낙성대현대아파트,4,226,낙성대현대아파트,서울70사8904,11:56,2019-09-02 11:56,,0,280
11110537,관악02,7,[07] 11:56,05_낙성대공원.관악복합평생교육센터,5,227,낙성대공원.관악복합평생교육센터,서울70사8904,11:56,2019-09-02 11:56,,0,280
11110537,관악02,7,[07] 11:56,06_서울과학전시관,6,228,서울과학전시관,서울70사8904,11:56,2019-09-02 11:56,,0,280
11110537,관악02,7,[07] 11:56,07_호암교수회관,7,229,호암교수회관,서울70사8904,11:56,2019-09-02 11:56,2019-09-02 12:09,1,281
11110537,관악02,7,[07] 11:56,08_인헌아파트,8,230,인헌아파트,서울70사8904,11:56,2019-09-02 11:56,2019-09-02 12:08,2,283
11110537,관악02,7,[07] 11:56,09_교수아파트,9,231,교수아파트,서울70사8904,11:56,2019-09-02 11:56,,0,283
11110537,관악02,7,[07] 11:56,10_가족생활동,10,232,가족생활동,서울70사8904,11:56,2019-09-02 11:56,,0,283
11110537,관악02,7,[07] 11:56,11_서울대후문.연구공원,11,233,서울대후문.연구공원,서울70사8904,11:56,2019-09-02 11:56,2019-09-02 12:11,1,284
11110537,관악02,7,[07] 11:56,12_학부생활관,12,234,학부생활관,서울70사8904,11:56,2019-09-02 11:56,,0,284
11110537,관악02,7,[07] 11:56,13_대학원생활관,13,235,대학원생활관,서울70사8904,11:56,2019-09-02 11:56,2019-09-02 12:12,1,285
11110537,관악02,7,[07] 11:56,14_기숙사삼거리,14,236,기숙사삼거리,서울70사8904,11:56,2019-09-02 11:56,,0,285
11110537,관악02,7,[07] 11:56,15_공동기기원,15,237,공동기기원,서울70사8904,11:56,2019-09-02 11:56,,0,285
11110537,관악02,7,[07] 11:56,16_유전공학연구소.반도체공동연구소,16,238,유전공학연구소.반도체공동연구소,서울70사8904,11:56,2019-09-02 11:56,,0,285
11110537,관악02,7,[07] 11:56,17_에너지자원연구소,17,239,에너지자원연구소,서울70사8904,11:56,2019-09-02 11:56,,0,285
11110537,관악02,7,[07] 11:56,18_신소재연구소,18,240,신소재연구소,서울70사8904,11:56,2019-09-02 11:56,,0,285
11110537,관악02,7,[07] 11:56,19_제2파워플랜트,19,241,제2파워플랜트,서울70사8904,11:56,2019-09-02 11:56,,0,285
11110537,관악02,7,[07] 11:56,20_건설환경종합연구소,20,242,건설환경종합연구소,서울70사8904,11:56,2019-09-02 11:56,,0,285
11110537,관악02,7,[07] 11:56,21_제2공학관,21,243,제2공학관,서울70사8904,11:56,2019-09-02 11:56,2019-09-02 12:29,2,287
11110537,관악02,7,[07] 11:56,22_유회진학술정보관.제1공학관,22,244,유회진학술정보관.제1공학관,서울70사8904,11:56,2019-09-02 11:56,,0,287
11110537,관악02,7,[07] 11:56,23_유전공학연구소.반도체공동연구소,23,245,유전공학연구소.반도체공동연구소,서울70사8904,11:56,2019-09-02 11:56,,0,287
11110537,관악02,7,[07] 11:56,24_교수회관입구,24,246,교수회관입구,서울70사8904,11:56,2019-09-02 11:56,,0,287
11110537,관악02,7,[07] 11:56,25_관악사삼거리,25,247,관악사삼거리,서울70사8904,11:56,2019-09-02 11:56,2019-09-02 12:39,5,292
11110537,관악02,7,[07] 11:56,26_대학원생활관,26,248,대학원생활관,서울70사8904,11:56,2019-09-02 11:56,2019-09-02 12:40,3,295
11110537,관악02,7,[07] 11:56,27_노천강당,27,249,노천강당,서울70사8904,11:56,2019-09-02 11:56,2019-09-02 12:38,1,296
11110537,관악02,7,[07] 11:56,28_학부생활관,28,250,학부생활관,서울70사8904,11:56,2019-09-02 11:56,,0,296
11110537,관악02,7,[07] 11:56,29_BK국제관,29,251,BK국제관,서울70사8904,11:56,2019-09-02 11:56,2019-09-02 12:40,2,298
11110537,관악02,7,[07] 11:56,30_가족생활동,30,252,가족생활동,서울70사8904,11:56,2019-09-02 11:56,2019-09-02 12:41,2,300
11110537,관악02,7,[07] 11:56,31_호암교수회관,31,253,호암교수회관,서울70사8904,11:56,2019-09-02 11:56,,0,300
11110537,관악02,7,[07] 11:56,32_인헌아파트,32,254,인헌아파트,서울70사8904,11:56,2019-09-02 11:56,,0,300
11110537,관악02,7,[07] 11:56,33_서울과학전시관,33,255,서울과학전시관,서울70사8904,11:56,2019-09-02 11:56,2019-09-02 12:44,4,304
11110537,관악02,7,[07] 11:56,34_낙성대공원.관악복합평생교육센터,34,256,낙성대공원.관악복합평생교육센터,서울70사8904,11:56,2019-09-02 11:56,,0,304
11110537,관악02,7,[07] 11:56,35_낙성대현대아파트,35,257,낙성대현대아파트,서울70사8904,11:56,2019-09-02 11:56,,0,304
11110537,관악02,7,[07] 11:56,36_인헌초등학교,36,258,인헌초등학교,서울70사8904,11:56,2019-09-02 11:56,,0,304
11110537,관악02,7,[07] 11:56,37_낙성대입구,37,259,낙성대입구,서울70사8904,11:56,2019-09-02 11:56,,0,304
11110537,관악02,8,[08] 12:50,01_낙성대역,1,260,낙성대역,서울70사8904,12:50,2019-09-02 12:50,2019-09-02 12:50,25,329
11110537,관악02,8,[08] 12:50,02_낙성대입구,2,261,낙성대입구,서울70사8904,12:50,2019-09-02 12:50,2019-09-02 12:57,1,330
11110537,관악02,8,[08] 12:50,03_인헌초등학교,3,262,인헌초등학교,서울70사8904,12:50,2019-09-02 12:50,,0,330
11110537,관악02,8,[08] 12:50,04_낙성대현대아파트,4,263,낙성대현대아파트,서울70사8904,12:50,2019-09-02 12:50,,0,330
11110537,관악02,8,[08] 12:50,05_낙성대공원.관악복합평생교육센터,5,264,낙성대공원.관악복합평생교육센터,서울70사8904,12:50,2019-09-02 12:50,,0,330
11110537,관악02,8,[08] 12:50,06_서울과학전시관,6,265,서울과학전시관,서울70사8904,12:50,2019-09-02 12:50,,0,330
11110537,관악02,8,[08] 12:50,07_호암교수회관,7,266,호암교수회관,서울70사8904,12:50,2019-09-02 12:50,2019-09-02 13:04,1,331
11110537,관악02,8,[08] 12:50,08_인헌아파트,8,267,인헌아파트,서울70사8904,12:50,2019-09-02 12:50,,0,331
11110537,관악02,8,[08] 12:50,09_교수아파트,9,268,교수아파트,서울70사8904,12:50,2019-09-02 12:50,,0,331
11110537,관악02,8,[08] 12:50,10_가족생활동,10,269,가족생활동,서울70사8904,12:50,2019-09-02 12:50,2019-09-02 13:04,1,332
11110537,관악02,8,[08] 12:50,11_서울대후문.연구공원,11,270,서울대후문.연구공원,서울70사8904,12:50,2019-09-02 12:50,,0,332
11110537,관악02,8,[08] 12:50,12_학부생활관,12,271,학부생활관,서울70사8904,12:50,2019-09-02 12:50,,0,332
11110537,관악02,8,[08] 12:50,13_대학원생활관,13,272,대학원생활관,서울70사8904,12:50,2019-09-02 12:50,2019-09-02 13:06,1,333
11110537,관악02,8,[08] 12:50,14_기숙사삼거리,14,273,기숙사삼거리,서울70사8904,12:50,2019-09-02 12:50,,0,333
11110537,관악02,8,[08] 12:50,15_공동기기원,15,274,공동기기원,서울70사8904,12:50,2019-09-02 12:50,,0,333
11110537,관악02,8,[08] 12:50,16_유전공학연구소.반도체공동연구소,16,275,유전공학연구소.반도체공동연구소,서울70사8904,12:50,2019-09-02 12:50,,0,333
11110537,관악02,8,[08] 12:50,17_에너지자원연구소,17,276,에너지자원연구소,서울70사8904,12:50,2019-09-02 12:50,,0,333
11110537,관악02,8,[08] 12:50,18_신소재연구소,18,277,신소재연구소,서울70사8904,12:50,2019-09-02 12:50,,0,333
11110537,관악02,8,[08] 12:50,19_제2파워플랜트,19,278,제2파워플랜트,서울70사8904,12:50,2019-09-02 12:50,,0,333
11110537,관악02,8,[08] 12:50,20_건설환경종합연구소,20,279,건설환경종합연구소,서울70사8904,12:50,2019-09-02 12:50,,0,333
11110537,관악02,8,[08] 12:50,21_제2공학관,21,280,제2공학관,서울70사8904,12:50,2019-09-02 12:50,2019-09-02 13:50,1,334
11110537,관악02,8,[08] 12:50,22_유회진학술정보관.제1공학관,22,281,유회진학술정보관.제1공학관,서울70사8904,12:50,2019-09-02 12:50,,0,334
11110537,관악02,8,[08] 12:50,23_유전공학연구소.반도체공동연구소,23,282,유전공학연구소.반도체공동연구소,서울70사8904,12:50,2019-09-02 12:50,,0,334
11110537,관악02,8,[08] 12:50,24_교수회관입구,24,283,교수회관입구,서울70사8904,12:50,2019-09-02 12:50,,0,334
11110537,관악02,8,[08] 12:50,25_관악사삼거리,25,284,관악사삼거리,서울70사8904,12:50,2019-09-02 12:50,2019-09-02 14:00,3,337
11110537,관악02,8,[08] 12:50,26_대학원생활관,26,285,대학원생활관,서울70사8904,12:50,2019-09-02 12:50,,0,337
11110537,관악02,8,[08] 12:50,27_노천강당,27,286,노천강당,서울70사8904,12:50,2019-09-02 12:50,2019-09-02 13:59,7,344
11110537,관악02,8,[08] 12:50,28_학부생활관,28,287,학부생활관,서울70사8904,12:50,2019-09-02 12:50,,0,344
11110537,관악02,8,[08] 12:50,29_BK국제관,29,288,BK국제관,서울70사8904,12:50,2019-09-02 12:50,2019-09-02 14:02,6,350
11110537,관악02,8,[08] 12:50,30_가족생활동,30,289,가족생활동,서울70사8904,12:50,2019-09-02 12:50,,0,350
11110537,관악02,8,[08] 12:50,31_호암교수회관,31,290,호암교수회관,서울70사8904,12:50,2019-09-02 12:50,,0,350
11110537,관악02,8,[08] 12:50,32_인헌아파트,32,291,인헌아파트,서울70사8904,12:50,2019-09-02 12:50,2019-09-02 14:04,1,351
11110537,관악02,8,[08] 12:50,33_서울과학전시관,33,292,서울과학전시관,서울70사8904,12:50,2019-09-02 12:50,2019-09-02 14:05,1,352
11110537,관악02,8,[08] 12:50,34_낙성대공원.관악복합평생교육센터,34,293,낙성대공원.관악복합평생교육센터,서울70사8904,12:50,2019-09-02 12:50,,0,352
11110537,관악02,8,[08] 12:50,35_낙성대현대아파트,35,294,낙성대현대아파트,서울70사8904,12:50,2019-09-02 12:50,,0,352
11110537,관악02,8,[08] 12:50,36_인헌초등학교,36,295,인헌초등학교,서울70사8904,12:50,2019-09-02 12:50,,0,352
11110537,관악02,8,[08] 12:50,37_낙성대입구,37,296,낙성대입구,서울70사8904,12:50,2019-09-02 12:50,,0,352
11110537,관악02,9,[09] 14:13,01_낙성대역,1,297,낙성대역,서울70사8904,14:13,2019-09-02 14:13,2019-09-02 14:13,16,368
11110537,관악02,9,[09] 14:13,02_낙성대입구,2,298,낙성대입구,서울70사8904,14:13,2019-09-02 14:13,2019-09-02 14:20,1,369
11110537,관악02,9,[09] 14:13,03_인헌초등학교,3,299,인헌초등학교,서울70사8904,14:13,2019-09-02 14:13,,0,369
11110537,관악02,9,[09] 14:13,04_낙성대현대아파트,4,300,낙성대현대아파트,서울70사8904,14:13,2019-09-02 14:13,,0,369
11110537,관악02,9,[09] 14:13,05_낙성대공원.관악복합평생교육센터,5,301,낙성대공원.관악복합평생교육센터,서울70사8904,14:13,2019-09-02 14:13,,0,369
11110537,관악02,9,[09] 14:13,06_서울과학전시관,6,302,서울과학전시관,서울70사8904,14:13,2019-09-02 14:13,,0,369
11110537,관악02,9,[09] 14:13,07_호암교수회관,7,303,호암교수회관,서울70사8904,14:13,2019-09-02 14:13,2019-09-02 14:26,1,370
11110537,관악02,9,[09] 14:13,08_인헌아파트,8,304,인헌아파트,서울70사8904,14:13,2019-09-02 14:13,2019-09-02 14:25,1,371
11110537,관악02,9,[09] 14:13,09_교수아파트,9,305,교수아파트,서울70사8904,14:13,2019-09-02 14:13,,0,371
11110537,관악02,9,[09] 14:13,10_가족생활동,10,306,가족생활동,서울70사8904,14:13,2019-09-02 14:13,,0,371
11110537,관악02,9,[09] 14:13,11_서울대후문.연구공원,11,307,서울대후문.연구공원,서울70사8904,14:13,2019-09-02 14:13,,0,371
11110537,관악02,9,[09] 14:13,12_학부생활관,12,308,학부생활관,서울70사8904,14:13,2019-09-02 14:13,,0,371
11110537,관악02,9,[09] 14:13,13_대학원생활관,13,309,대학원생활관,서울70사8904,14:13,2019-09-02 14:13,,0,371
11110537,관악02,9,[09] 14:13,14_기숙사삼거리,14,310,기숙사삼거리,서울70사8904,14:13,2019-09-02 14:13,,0,371
11110537,관악02,9,[09] 14:13,15_공동기기원,15,311,공동기기원,서울70사8904,14:13,2019-09-02 14:13,,0,371
11110537,관악02,9,[09] 14:13,16_유전공학연구소.반도체공동연구소,16,312,유전공학연구소.반도체공동연구소,서울70사8904,14:13,2019-09-02 14:13,,0,371
11110537,관악02,9,[09] 14:13,17_에너지자원연구소,17,313,에너지자원연구소,서울70사8904,14:13,2019-09-02 14:13,,0,371
11110537,관악02,9,[09] 14:13,18_신소재연구소,18,314,신소재연구소,서울70사8904,14:13,2019-09-02 14:13,,0,371
11110537,관악02,9,[09] 14:13,19_제2파워플랜트,19,315,제2파워플랜트,서울70사8904,14:13,2019-09-02 14:13,,0,371
11110537,관악02,9,[09] 14:13,20_건설환경종합연구소,20,316,건설환경종합연구소,서울70사8904,14:13,2019-09-02 14:13,,0,371
11110537,관악02,9,[09] 14:13,21_제2공학관,21,317,제2공학관,서울70사8904,14:13,2019-09-02 14:13,2019-09-02 14:40,5,376
11110537,관악02,9,[09] 14:13,22_유회진학술정보관.제1공학관,22,318,유회진학술정보관.제1공학관,서울70사8904,14:13,2019-09-02 14:13,,0,376
11110537,관악02,9,[09] 14:13,23_유전공학연구소.반도체공동연구소,23,319,유전공학연구소.반도체공동연구소,서울70사8904,14:13,2019-09-02 14:13,,0,376
11110537,관악02,9,[09] 14:13,24_교수회관입구,24,320,교수회관입구,서울70사8904,14:13,2019-09-02 14:13,2019-09-02 14:48,2,378
11110537,관악02,9,[09] 14:13,25_관악사삼거리,25,321,관악사삼거리,서울70사8904,14:13,2019-09-02 14:13,2019-09-02 14:51,6,384
11110537,관악02,9,[09] 14:13,26_대학원생활관,26,322,대학원생활관,서울70사8904,14:13,2019-09-02 14:13,2019-09-02 14:52,1,385
11110537,관악02,9,[09] 14:13,27_노천강당,27,323,노천강당,서울70사8904,14:13,2019-09-02 14:13,2019-09-02 14:50,13,398
11110537,관악02,9,[09] 14:13,28_학부생활관,28,324,학부생활관,서울70사8904,14:13,2019-09-02 14:13,2019-09-02 14:53,4,402
11110537,관악02,9,[09] 14:13,29_BK국제관,29,325,BK국제관,서울70사8904,14:13,2019-09-02 14:13,2019-09-02 14:54,2,404
11110537,관악02,9,[09] 14:13,30_가족생활동,30,326,가족생활동,서울70사8904,14:13,2019-09-02 14:13,,0,404
11110537,관악02,9,[09] 14:13,31_호암교수회관,31,327,호암교수회관,서울70사8904,14:13,2019-09-02 14:13,,0,404
11110537,관악02,9,[09] 14:13,32_인헌아파트,32,328,인헌아파트,서울70사8904,14:13,2019-09-02 14:13,2019-09-02 14:56,1,405
11110537,관악02,9,[09] 14:13,33_서울과학전시관,33,329,서울과학전시관,서울70사8904,14:13,2019-09-02 14:13,,0,405
11110537,관악02,9,[09] 14:13,34_낙성대공원.관악복합평생교육센터,34,330,낙성대공원.관악복합평생교육센터,서울70사8904,14:13,2019-09-02 14:13,2019-09-02 14:58,2,407
11110537,관악02,9,[09] 14:13,35_낙성대현대아파트,35,331,낙성대현대아파트,서울70사8904,14:13,2019-09-02 14:13,,0,407
11110537,관악02,9,[09] 14:13,36_인헌초등학교,36,332,인헌초등학교,서울70사8904,14:13,2019-09-02 14:13,,0,407
11110537,관악02,9,[09] 14:13,37_낙성대입구,37,333,낙성대입구,서울70사8904,14:13,2019-09-02 14:13,2019-09-02 15:01,1,408
11110537,관악02,10,[10] 15:04,01_낙성대역,1,334,낙성대역,서울70사8904,15:04,2019-09-02 15:04,2019-09-02 15:04,11,419
11110537,관악02,10,[10] 15:04,02_낙성대입구,2,335,낙성대입구,서울70사8904,15:04,2019-09-02 15:04,,0,419
11110537,관악02,10,[10] 15:04,03_인헌초등학교,3,336,인헌초등학교,서울70사8904,15:04,2019-09-02 15:04,2019-09-02 15:10,1,420
11110537,관악02,10,[10] 15:04,04_낙성대현대아파트,4,337,낙성대현대아파트,서울70사8904,15:04,2019-09-02 15:04,,0,420
11110537,관악02,10,[10] 15:04,05_낙성대공원.관악복합평생교육센터,5,338,낙성대공원.관악복합평생교육센터,서울70사8904,15:04,2019-09-02 15:04,,0,420
11110537,관악02,10,[10] 15:04,06_서울과학전시관,6,339,서울과학전시관,서울70사8904,15:04,2019-09-02 15:04,,0,420
11110537,관악02,10,[10] 15:04,07_호암교수회관,7,340,호암교수회관,서울70사8904,15:04,2019-09-02 15:04,,0,420
11110537,관악02,10,[10] 15:04,08_인헌아파트,8,341,인헌아파트,서울70사8904,15:04,2019-09-02 15:04,,0,420
11110537,관악02,10,[10] 15:04,09_교수아파트,9,342,교수아파트,서울70사8904,15:04,2019-09-02 15:04,,0,420
11110537,관악02,10,[10] 15:04,10_가족생활동,10,343,가족생활동,서울70사8904,15:04,2019-09-02 15:04,,0,420
11110537,관악02,10,[10] 15:04,11_서울대후문.연구공원,11,344,서울대후문.연구공원,서울70사8904,15:04,2019-09-02 15:04,2019-09-02 15:16,1,421
11110537,관악02,10,[10] 15:04,12_학부생활관,12,345,학부생활관,서울70사8904,15:04,2019-09-02 15:04,,0,421
11110537,관악02,10,[10] 15:04,13_대학원생활관,13,346,대학원생활관,서울70사8904,15:04,2019-09-02 15:04,,0,421
11110537,관악02,10,[10] 15:04,14_기숙사삼거리,14,347,기숙사삼거리,서울70사8904,15:04,2019-09-02 15:04,,0,421
11110537,관악02,10,[10] 15:04,15_공동기기원,15,348,공동기기원,서울70사8904,15:04,2019-09-02 15:04,,0,421
11110537,관악02,10,[10] 15:04,16_유전공학연구소.반도체공동연구소,16,349,유전공학연구소.반도체공동연구소,서울70사8904,15:04,2019-09-02 15:04,,0,421
11110537,관악02,10,[10] 15:04,17_에너지자원연구소,17,350,에너지자원연구소,서울70사8904,15:04,2019-09-02 15:04,,0,421
11110537,관악02,10,[10] 15:04,18_신소재연구소,18,351,신소재연구소,서울70사8904,15:04,2019-09-02 15:04,,0,421
11110537,관악02,10,[10] 15:04,19_제2파워플랜트,19,352,제2파워플랜트,서울70사8904,15:04,2019-09-02 15:04,,0,421
11110537,관악02,10,[10] 15:04,20_건설환경종합연구소,20,353,건설환경종합연구소,서울70사8904,15:04,2019-09-02 15:04,2019-09-02 15:36,1,422
11110537,관악02,10,[10] 15:04,21_제2공학관,21,354,제2공학관,서울70사8904,15:04,2019-09-02 15:04,,0,422
11110537,관악02,10,[10] 15:04,22_유회진학술정보관.제1공학관,22,355,유회진학술정보관.제1공학관,서울70사8904,15:04,2019-09-02 15:04,,0,422
11110537,관악02,10,[10] 15:04,23_유전공학연구소.반도체공동연구소,23,356,유전공학연구소.반도체공동연구소,서울70사8904,15:04,2019-09-02 15:04,2019-09-02 15:41,1,423
11110537,관악02,10,[10] 15:04,24_교수회관입구,24,357,교수회관입구,서울70사8904,15:04,2019-09-02 15:04,,0,423
11110537,관악02,10,[10] 15:04,25_관악사삼거리,25,358,관악사삼거리,서울70사8904,15:04,2019-09-02 15:04,2019-09-02 15:45,5,428
11110537,관악02,10,[10] 15:04,26_대학원생활관,26,359,대학원생활관,서울70사8904,15:04,2019-09-02 15:04,2019-09-02 15:46,1,429
11110537,관악02,10,[10] 15:04,27_노천강당,27,360,노천강당,서울70사8904,15:04,2019-09-02 15:04,2019-09-02 15:44,11,440
11110537,관악02,10,[10] 15:04,28_학부생활관,28,361,학부생활관,서울70사8904,15:04,2019-09-02 15:04,2019-09-02 15:47,3,443
11110537,관악02,10,[10] 15:04,29_BK국제관,29,362,BK국제관,서울70사8904,15:04,2019-09-02 15:04,,0,443
11110537,관악02,10,[10] 15:04,30_가족생활동,30,363,가족생활동,서울70사8904,15:04,2019-09-02 15:04,2019-09-02 15:48,1,444
11110537,관악02,10,[10] 15:04,31_호암교수회관,31,364,호암교수회관,서울70사8904,15:04,2019-09-02 15:04,,0,444
11110537,관악02,10,[10] 15:04,32_인헌아파트,32,365,인헌아파트,서울70사8904,15:04,2019-09-02 15:04,,0,444
11110537,관악02,10,[10] 15:04,33_서울과학전시관,33,366,서울과학전시관,서울70사8904,15:04,2019-09-02 15:04,,0,444
11110537,관악02,10,[10] 15:04,34_낙성대공원.관악복합평생교육센터,34,367,낙성대공원.관악복합평생교육센터,서울70사8904,15:04,2019-09-02 15:04,,0,444
11110537,관악02,10,[10] 15:04,35_낙성대현대아파트,35,368,낙성대현대아파트,서울70사8904,15:04,2019-09-02 15:04,,0,444
11110537,관악02,10,[10] 15:04,36_인헌초등학교,36,369,인헌초등학교,서울70사8904,15:04,2019-09-02 15:04,,0,444
11110537,관악02,10,[10] 15:04,37_낙성대입구,37,370,낙성대입구,서울70사8904,15:04,2019-09-02 15:04,,0,444
11110537,관악02,11,[11] 16:00,01_낙성대역,1,371,낙성대역,서울70사8904,16:00,2019-09-02 16:00,2019-09-02 16:00,9,453
11110537,관악02,11,[11] 16:00,02_낙성대입구,2,372,낙성대입구,서울70사8904,16:00,2019-09-02 16:00,,0,453
11110537,관악02,11,[11] 16:00,03_인헌초등학교,3,373,인헌초등학교,서울70사8904,16:00,2019-09-02 16:00,,0,453
11110537,관악02,11,[11] 16:00,04_낙성대현대아파트,4,374,낙성대현대아파트,서울70사8904,16:00,2019-09-02 16:00,2019-09-02 16:07,1,454
11110537,관악02,11,[11] 16:00,05_낙성대공원.관악복합평생교육센터,5,375,낙성대공원.관악복합평생교육센터,서울70사8904,16:00,2019-09-02 16:00,,0,454
11110537,관악02,11,[11] 16:00,06_서울과학전시관,6,376,서울과학전시관,서울70사8904,16:00,2019-09-02 16:00,,0,454
11110537,관악02,11,[11] 16:00,07_호암교수회관,7,377,호암교수회관,서울70사8904,16:00,2019-09-02 16:00,,0,454
11110537,관악02,11,[11] 16:00,08_인헌아파트,8,378,인헌아파트,서울70사8904,16:00,2019-09-02 16:00,,0,454
11110537,관악02,11,[11] 16:00,09_교수아파트,9,379,교수아파트,서울70사8904,16:00,2019-09-02 16:00,,0,454
11110537,관악02,11,[11] 16:00,10_가족생활동,10,380,가족생활동,서울70사8904,16:00,2019-09-02 16:00,,0,454
11110537,관악02,11,[11] 16:00,11_서울대후문.연구공원,11,381,서울대후문.연구공원,서울70사8904,16:00,2019-09-02 16:00,,0,454
11110537,관악02,11,[11] 16:00,12_학부생활관,12,382,학부생활관,서울70사8904,16:00,2019-09-02 16:00,,0,454
11110537,관악02,11,[11] 16:00,13_대학원생활관,13,383,대학원생활관,서울70사8904,16:00,2019-09-02 16:00,,0,454
11110537,관악02,11,[11] 16:00,14_기숙사삼거리,14,384,기숙사삼거리,서울70사8904,16:00,2019-09-02 16:00,,0,454
11110537,관악02,11,[11] 16:00,15_공동기기원,15,385,공동기기원,서울70사8904,16:00,2019-09-02 16:00,,0,454
11110537,관악02,11,[11] 16:00,16_유전공학연구소.반도체공동연구소,16,386,유전공학연구소.반도체공동연구소,서울70사8904,16:00,2019-09-02 16:00,,0,454
11110537,관악02,11,[11] 16:00,17_에너지자원연구소,17,387,에너지자원연구소,서울70사8904,16:00,2019-09-02 16:00,,0,454
11110537,관악02,11,[11] 16:00,18_신소재연구소,18,388,신소재연구소,서울70사8904,16:00,2019-09-02 16:00,,0,454
11110537,관악02,11,[11] 16:00,19_제2파워플랜트,19,389,제2파워플랜트,서울70사8904,16:00,2019-09-02 16:00,,0,454
11110537,관악02,11,[11] 16:00,20_건설환경종합연구소,20,390,건설환경종합연구소,서울70사8904,16:00,2019-09-02 16:00,,0,454
11110537,관악02,11,[11] 16:00,21_제2공학관,21,391,제2공학관,서울70사8904,16:00,2019-09-02 16:00,,0,454
11110537,관악02,11,[11] 16:00,22_유회진학술정보관.제1공학관,22,392,유회진학술정보관.제1공학관,서울70사8904,16:00,2019-09-02 16:00,,0,454
11110537,관악02,11,[11] 16:00,23_유전공학연구소.반도체공동연구소,23,393,유전공학연구소.반도체공동연구소,서울70사8904,16:00,2019-09-02 16:00,,0,454
11110537,관악02,11,[11] 16:00,24_교수회관입구,24,394,교수회관입구,서울70사8904,16:00,2019-09-02 16:00,2019-09-02 16:33,1,455
11110537,관악02,11,[11] 16:00,25_관악사삼거리,25,395,관악사삼거리,서울70사8904,16:00,2019-09-02 16:00,2019-09-02 16:37,2,457
11110537,관악02,11,[11] 16:00,26_대학원생활관,26,396,대학원생활관,서울70사8904,16:00,2019-09-02 16:00,,0,457
11110537,관악02,11,[11] 16:00,27_노천강당,27,397,노천강당,서울70사8904,16:00,2019-09-02 16:00,2019-09-02 16:35,14,471
11110537,관악02,11,[11] 16:00,28_학부생활관,28,398,학부생활관,서울70사8904,16:00,2019-09-02 16:00,2019-09-02 16:38,4,475
11110537,관악02,11,[11] 16:00,29_BK국제관,29,399,BK국제관,서울70사8904,16:00,2019-09-02 16:00,2019-09-02 16:38,1,476
11110537,관악02,11,[11] 16:00,30_가족생활동,30,400,가족생활동,서울70사8904,16:00,2019-09-02 16:00,,0,476
11110537,관악02,11,[11] 16:00,31_호암교수회관,31,401,호암교수회관,서울70사8904,16:00,2019-09-02 16:00,,0,476
11110537,관악02,11,[11] 16:00,32_인헌아파트,32,402,인헌아파트,서울70사8904,16:00,2019-09-02 16:00,,0,476
11110537,관악02,11,[11] 16:00,33_서울과학전시관,33,403,서울과학전시관,서울70사8904,16:00,2019-09-02 16:00,2019-09-02 16:41,4,480
11110537,관악02,11,[11] 16:00,34_낙성대공원.관악복합평생교육센터,34,404,낙성대공원.관악복합평생교육센터,서울70사8904,16:00,2019-09-02 16:00,,0,480
11110537,관악02,11,[11] 16:00,35_낙성대현대아파트,35,405,낙성대현대아파트,서울70사8904,16:00,2019-09-02 16:00,,0,480
11110537,관악02,11,[11] 16:00,36_인헌초등학교,36,406,인헌초등학교,서울70사8904,16:00,2019-09-02 16:00,,0,480
11110537,관악02,11,[11] 16:00,37_낙성대입구,37,407,낙성대입구,서울70사8904,16:00,2019-09-02 16:00,,0,480
11110537,관악02,12,[12] 16:51,01_낙성대역,1,408,낙성대역,서울70사8904,16:51,2019-09-02 16:51,2019-09-02 16:51,11,491
11110537,관악02,12,[12] 16:51,02_낙성대입구,2,409,낙성대입구,서울70사8904,16:51,2019-09-02 16:51,2019-09-02 16:56,1,492
11110537,관악02,12,[12] 16:51,03_인헌초등학교,3,410,인헌초등학교,서울70사8904,16:51,2019-09-02 16:51,,0,492
11110537,관악02,12,[12] 16:51,04_낙성대현대아파트,4,411,낙성대현대아파트,서울70사8904,16:51,2019-09-02 16:51,,0,492
11110537,관악02,12,[12] 16:51,05_낙성대공원.관악복합평생교육센터,5,412,낙성대공원.관악복합평생교육센터,서울70사8904,16:51,2019-09-02 16:51,,0,492
11110537,관악02,12,[12] 16:51,06_서울과학전시관,6,413,서울과학전시관,서울70사8904,16:51,2019-09-02 16:51,,0,492
11110537,관악02,12,[12] 16:51,07_호암교수회관,7,414,호암교수회관,서울70사8904,16:51,2019-09-02 16:51,,0,492
11110537,관악02,12,[12] 16:51,08_인헌아파트,8,415,인헌아파트,서울70사8904,16:51,2019-09-02 16:51,,0,492
11110537,관악02,12,[12] 16:51,09_교수아파트,9,416,교수아파트,서울70사8904,16:51,2019-09-02 16:51,,0,492
11110537,관악02,12,[12] 16:51,10_가족생활동,10,417,가족생활동,서울70사8904,16:51,2019-09-02 16:51,,0,492
11110537,관악02,12,[12] 16:51,11_서울대후문.연구공원,11,418,서울대후문.연구공원,서울70사8904,16:51,2019-09-02 16:51,,0,492
11110537,관악02,12,[12] 16:51,12_학부생활관,12,419,학부생활관,서울70사8904,16:51,2019-09-02 16:51,,0,492
11110537,관악02,12,[12] 16:51,13_대학원생활관,13,420,대학원생활관,서울70사8904,16:51,2019-09-02 16:51,,0,492
11110537,관악02,12,[12] 16:51,14_기숙사삼거리,14,421,기숙사삼거리,서울70사8904,16:51,2019-09-02 16:51,,0,492
11110537,관악02,12,[12] 16:51,15_공동기기원,15,422,공동기기원,서울70사8904,16:51,2019-09-02 16:51,,0,492
11110537,관악02,12,[12] 16:51,16_유전공학연구소.반도체공동연구소,16,423,유전공학연구소.반도체공동연구소,서울70사8904,16:51,2019-09-02 16:51,,0,492
11110537,관악02,12,[12] 16:51,17_에너지자원연구소,17,424,에너지자원연구소,서울70사8904,16:51,2019-09-02 16:51,,0,492
11110537,관악02,12,[12] 16:51,18_신소재연구소,18,425,신소재연구소,서울70사8904,16:51,2019-09-02 16:51,,0,492
11110537,관악02,12,[12] 16:51,19_제2파워플랜트,19,426,제2파워플랜트,서울70사8904,16:51,2019-09-02 16:51,,0,492
11110537,관악02,12,[12] 16:51,20_건설환경종합연구소,20,427,건설환경종합연구소,서울70사8904,16:51,2019-09-02 16:51,,0,492
11110537,관악02,12,[12] 16:51,21_제2공학관,21,428,제2공학관,서울70사8904,16:51,2019-09-02 16:51,2019-09-02 17:20,8,500
11110537,관악02,12,[12] 16:51,22_유회진학술정보관.제1공학관,22,429,유회진학술정보관.제1공학관,서울70사8904,16:51,2019-09-02 16:51,2019-09-02 17:24,1,501
11110537,관악02,12,[12] 16:51,23_유전공학연구소.반도체공동연구소,23,430,유전공학연구소.반도체공동연구소,서울70사8904,16:51,2019-09-02 16:51,2019-09-02 17:25,1,502
11110537,관악02,12,[12] 16:51,24_교수회관입구,24,431,교수회관입구,서울70사8904,16:51,2019-09-02 16:51,,0,502
11110537,관악02,12,[12] 16:51,25_관악사삼거리,25,432,관악사삼거리,서울70사8904,16:51,2019-09-02 16:51,2019-09-02 17:29,4,506
11110537,관악02,12,[12] 16:51,26_대학원생활관,26,433,대학원생활관,서울70사8904,16:51,2019-09-02 16:51,,0,506
11110537,관악02,12,[12] 16:51,27_노천강당,27,434,노천강당,서울70사8904,16:51,2019-09-02 16:51,2019-09-02 17:28,9,515
11110537,관악02,12,[12] 16:51,28_학부생활관,28,435,학부생활관,서울70사8904,16:51,2019-09-02 16:51,,0,515
11110537,관악02,12,[12] 16:51,29_BK국제관,29,436,BK국제관,서울70사8904,16:51,2019-09-02 16:51,2019-09-02 17:31,1,516
11110537,관악02,12,[12] 16:51,30_가족생활동,30,437,가족생활동,서울70사8904,16:51,2019-09-02 16:51,2019-09-02 17:32,2,518
11110537,관악02,12,[12] 16:51,31_호암교수회관,31,438,호암교수회관,서울70사8904,16:51,2019-09-02 16:51,,0,518
11110537,관악02,12,[12] 16:51,32_인헌아파트,32,439,인헌아파트,서울70사8904,16:51,2019-09-02 16:51,,0,518
11110537,관악02,12,[12] 16:51,33_서울과학전시관,33,440,서울과학전시관,서울70사8904,16:51,2019-09-02 16:51,2019-09-02 17:35,2,520
11110537,관악02,12,[12] 16:51,34_낙성대공원.관악복합평생교육센터,34,441,낙성대공원.관악복합평생교육센터,서울70사8904,16:51,2019-09-02 16:51,2019-09-02 17:36,1,521
11110537,관악02,12,[12] 16:51,35_낙성대현대아파트,35,442,낙성대현대아파트,서울70사8904,16:51,2019-09-02 16:51,,0,521
11110537,관악02,12,[12] 16:51,36_인헌초등학교,36,443,인헌초등학교,서울70사8904,16:51,2019-09-02 16:51,,0,521
11110537,관악02,12,[12] 16:51,37_낙성대입구,37,444,낙성대입구,서울70사8904,16:51,2019-09-02 16:51,,0,521
11110537,관악02,13,[13] 17:43,01_낙성대역,1,445,낙성대역,서울70사8904,17:43,2019-09-02 17:43,2019-09-02 17:43,6,527
11110537,관악02,13,[13] 17:43,02_낙성대입구,2,446,낙성대입구,서울70사8904,17:43,2019-09-02 17:43,2019-09-02 17:48,1,528
11110537,관악02,13,[13] 17:43,03_인헌초등학교,3,447,인헌초등학교,서울70사8904,17:43,2019-09-02 17:43,,0,528
11110537,관악02,13,[13] 17:43,04_낙성대현대아파트,4,448,낙성대현대아파트,서울70사8904,17:43,2019-09-02 17:43,,0,528
11110537,관악02,13,[13] 17:43,05_낙성대공원.관악복합평생교육센터,5,449,낙성대공원.관악복합평생교육센터,서울70사8904,17:43,2019-09-02 17:43,,0,528
11110537,관악02,13,[13] 17:43,06_서울과학전시관,6,450,서울과학전시관,서울70사8904,17:43,2019-09-02 17:43,,0,528
11110537,관악02,13,[13] 17:43,07_호암교수회관,7,451,호암교수회관,서울70사8904,17:43,2019-09-02 17:43,,0,528
11110537,관악02,13,[13] 17:43,08_인헌아파트,8,452,인헌아파트,서울70사8904,17:43,2019-09-02 17:43,,0,528
11110537,관악02,13,[13] 17:43,09_교수아파트,9,453,교수아파트,서울70사8904,17:43,2019-09-02 17:43,,0,528
11110537,관악02,13,[13] 17:43,10_가족생활동,10,454,가족생활동,서울70사8904,17:43,2019-09-02 17:43,,0,528
11110537,관악02,13,[13] 17:43,11_서울대후문.연구공원,11,455,서울대후문.연구공원,서울70사8904,17:43,2019-09-02 17:43,,0,528
11110537,관악02,13,[13] 17:43,12_학부생활관,12,456,학부생활관,서울70사8904,17:43,2019-09-02 17:43,,0,528
11110537,관악02,13,[13] 17:43,13_대학원생활관,13,457,대학원생활관,서울70사8904,17:43,2019-09-02 17:43,,0,528
11110537,관악02,13,[13] 17:43,14_기숙사삼거리,14,458,기숙사삼거리,서울70사8904,17:43,2019-09-02 17:43,,0,528
11110537,관악02,13,[13] 17:43,15_공동기기원,15,459,공동기기원,서울70사8904,17:43,2019-09-02 17:43,2019-09-02 18:00,1,529
11110537,관악02,13,[13] 17:43,16_유전공학연구소.반도체공동연구소,16,460,유전공학연구소.반도체공동연구소,서울70사8904,17:43,2019-09-02 17:43,,0,529
11110537,관악02,13,[13] 17:43,17_에너지자원연구소,17,461,에너지자원연구소,서울70사8904,17:43,2019-09-02 17:43,,0,529
11110537,관악02,13,[13] 17:43,18_신소재연구소,18,462,신소재연구소,서울70사8904,17:43,2019-09-02 17:43,2019-09-02 18:01,3,532
11110537,관악02,13,[13] 17:43,19_제2파워플랜트,19,463,제2파워플랜트,서울70사8904,17:43,2019-09-02 17:43,,0,532
11110537,관악02,13,[13] 17:43,20_건설환경종합연구소,20,464,건설환경종합연구소,서울70사8904,17:43,2019-09-02 17:43,,0,532
11110537,관악02,13,[13] 17:43,21_제2공학관,21,465,제2공학관,서울70사8904,17:43,2019-09-02 17:43,2019-09-02 18:09,33,565
11110537,관악02,13,[13] 17:43,22_유회진학술정보관.제1공학관,22,466,유회진학술정보관.제1공학관,서울70사8904,17:43,2019-09-02 17:43,2019-09-02 18:13,1,566
11110537,관악02,13,[13] 17:43,23_유전공학연구소.반도체공동연구소,23,467,유전공학연구소.반도체공동연구소,서울70사8904,17:43,2019-09-02 17:43,2019-09-02 18:14,8,574
11110537,관악02,13,[13] 17:43,24_교수회관입구,24,468,교수회관입구,서울70사8904,17:43,2019-09-02 17:43,2019-09-02 18:15,3,577
11110537,관악02,13,[13] 17:43,25_관악사삼거리,25,469,관악사삼거리,서울70사8904,17:43,2019-09-02 17:43,2019-09-02 18:19,8,585
11110537,관악02,13,[13] 17:43,26_대학원생활관,26,470,대학원생활관,서울70사8904,17:43,2019-09-02 17:43,2019-09-02 18:20,2,587
11110537,관악02,13,[13] 17:43,27_노천강당,27,471,노천강당,서울70사8904,17:43,2019-09-02 17:43,2019-09-02 18:18,4,591
11110537,관악02,13,[13] 17:43,28_학부생활관,28,472,학부생활관,서울70사8904,17:43,2019-09-02 17:43,2019-09-02 18:21,1,592
11110537,관악02,13,[13] 17:43,29_BK국제관,29,473,BK국제관,서울70사8904,17:43,2019-09-02 17:43,,0,592
11110537,관악02,13,[13] 17:43,30_가족생활동,30,474,가족생활동,서울70사8904,17:43,2019-09-02 17:43,,0,592
11110537,관악02,13,[13] 17:43,31_호암교수회관,31,475,호암교수회관,서울70사8904,17:43,2019-09-02 17:43,,0,592
11110537,관악02,13,[13] 17:43,32_인헌아파트,32,476,인헌아파트,서울70사8904,17:43,2019-09-02 17:43,,0,592
11110537,관악02,13,[13] 17:43,33_서울과학전시관,33,477,서울과학전시관,서울70사8904,17:43,2019-09-02 17:43,2019-09-02 18:27,1,593
11110537,관악02,13,[13] 17:43,34_낙성대공원.관악복합평생교육센터,34,478,낙성대공원.관악복합평생교육센터,서울70사8904,17:43,2019-09-02 17:43,,0,593
11110537,관악02,13,[13] 17:43,35_낙성대현대아파트,35,479,낙성대현대아파트,서울70사8904,17:43,2019-09-02 17:43,,0,593
11110537,관악02,13,[13] 17:43,36_인헌초등학교,36,480,인헌초등학교,서울70사8904,17:43,2019-09-02 17:43,,0,593
11110537,관악02,13,[13] 17:43,37_낙성대입구,37,481,낙성대입구,서울70사8904,17:43,2019-09-02 17:43,2019-09-02 18:40,7,600
11110537,관악02,14,[14] 18:40,01_낙성대역,1,482,낙성대역,서울70사8904,18:40,2019-09-02 18:40,,0,600
11110537,관악02,14,[14] 18:40,02_낙성대입구,2,483,낙성대입구,서울70사8904,18:40,2019-09-02 18:40,,0,600
11110537,관악02,14,[14] 18:40,03_인헌초등학교,3,484,인헌초등학교,서울70사8904,18:40,2019-09-02 18:40,,0,600
11110537,관악02,14,[14] 18:40,04_낙성대현대아파트,4,485,낙성대현대아파트,서울70사8904,18:40,2019-09-02 18:40,,0,600
11110537,관악02,14,[14] 18:40,05_낙성대공원.관악복합평생교육센터,5,486,낙성대공원.관악복합평생교육센터,서울70사8904,18:40,2019-09-02 18:40,,0,600
11110537,관악02,14,[14] 18:40,06_서울과학전시관,6,487,서울과학전시관,서울70사8904,18:40,2019-09-02 18:40,,0,600
11110537,관악02,14,[14] 18:40,07_호암교수회관,7,488,호암교수회관,서울70사8904,18:40,2019-09-02 18:40,,0,600
11110537,관악02,14,[14] 18:40,08_인헌아파트,8,489,인헌아파트,서울70사8904,18:40,2019-09-02 18:40,,0,600
11110537,관악02,14,[14] 18:40,09_교수아파트,9,490,교수아파트,서울70사8904,18:40,2019-09-02 18:40,,0,600
11110537,관악02,14,[14] 18:40,10_가족생활동,10,491,가족생활동,서울70사8904,18:40,2019-09-02 18:40,2019-09-02 18:53,1,601
11110537,관악02,14,[14] 18:40,11_서울대후문.연구공원,11,492,서울대후문.연구공원,서울70사8904,18:40,2019-09-02 18:40,,0,601
11110537,관악02,14,[14] 18:40,12_학부생활관,12,493,학부생활관,서울70사8904,18:40,2019-09-02 18:40,,0,601
11110537,관악02,14,[14] 18:40,13_대학원생활관,13,494,대학원생활관,서울70사8904,18:40,2019-09-02 18:40,2019-09-02 18:54,1,602
11110537,관악02,14,[14] 18:40,14_기숙사삼거리,14,495,기숙사삼거리,서울70사8904,18:40,2019-09-02 18:40,,0,602
11110537,관악02,14,[14] 18:40,15_공동기기원,15,496,공동기기원,서울70사8904,18:40,2019-09-02 18:40,,0,602
11110537,관악02,14,[14] 18:40,16_유전공학연구소.반도체공동연구소,16,497,유전공학연구소.반도체공동연구소,서울70사8904,18:40,2019-09-02 18:40,,0,602
11110537,관악02,14,[14] 18:40,17_에너지자원연구소,17,498,에너지자원연구소,서울70사8904,18:40,2019-09-02 18:40,,0,602
11110537,관악02,14,[14] 18:40,18_신소재연구소,18,499,신소재연구소,서울70사8904,18:40,2019-09-02 18:40,2019-09-02 18:58,1,603
11110537,관악02,14,[14] 18:40,19_제2파워플랜트,19,500,제2파워플랜트,서울70사8904,18:40,2019-09-02 18:40,,0,603
11110537,관악02,14,[14] 18:40,20_건설환경종합연구소,20,501,건설환경종합연구소,서울70사8904,18:40,2019-09-02 18:40,,0,603
11110537,관악02,14,[14] 18:40,21_제2공학관,21,502,제2공학관,서울70사8904,18:40,2019-09-02 18:40,2019-09-02 19:02,20,623
11110537,관악02,14,[14] 18:40,22_유회진학술정보관.제1공학관,22,503,유회진학술정보관.제1공학관,서울70사8904,18:40,2019-09-02 18:40,2019-09-02 19:10,1,624
11110537,관악02,14,[14] 18:40,23_유전공학연구소.반도체공동연구소,23,504,유전공학연구소.반도체공동연구소,서울70사8904,18:40,2019-09-02 18:40,2019-09-02 19:11,11,635
11110537,관악02,14,[14] 18:40,24_교수회관입구,24,505,교수회관입구,서울70사8904,18:40,2019-09-02 18:40,2019-09-02 19:12,2,637
11110537,관악02,14,[14] 18:40,25_관악사삼거리,25,506,관악사삼거리,서울70사8904,18:40,2019-09-02 18:40,2019-09-02 19:16,9,646
11110537,관악02,14,[14] 18:40,26_대학원생활관,26,507,대학원생활관,서울70사8904,18:40,2019-09-02 18:40,2019-09-02 19:17,5,651
11110537,관악02,14,[14] 18:40,27_노천강당,27,508,노천강당,서울70사8904,18:40,2019-09-02 18:40,2019-09-02 19:14,11,662
11110537,관악02,14,[14] 18:40,28_학부생활관,28,509,학부생활관,서울70사8904,18:40,2019-09-02 18:40,2019-09-02 19:18,3,665
11110537,관악02,14,[14] 18:40,29_BK국제관,29,510,BK국제관,서울70사8904,18:40,2019-09-02 18:40,2019-09-02 19:19,4,669
11110537,관악02,14,[14] 18:40,30_가족생활동,30,511,가족생활동,서울70사8904,18:40,2019-09-02 18:40,2019-09-02 19:20,1,670
11110537,관악02,14,[14] 18:40,31_호암교수회관,31,512,호암교수회관,서울70사8904,18:40,2019-09-02 18:40,,0,670
11110537,관악02,14,[14] 18:40,32_인헌아파트,32,513,인헌아파트,서울70사8904,18:40,2019-09-02 18:40,,0,670
11110537,관악02,14,[14] 18:40,33_서울과학전시관,33,514,서울과학전시관,서울70사8904,18:40,2019-09-02 18:40,2019-09-02 19:23,6,676
11110537,관악02,14,[14] 18:40,34_낙성대공원.관악복합평생교육센터,34,515,낙성대공원.관악복합평생교육센터,서울70사8904,18:40,2019-09-02 18:40,2019-09-02 19:25,1,677
11110537,관악02,14,[14] 18:40,35_낙성대현대아파트,35,516,낙성대현대아파트,서울70사8904,18:40,2019-09-02 18:40,,0,677
11110537,관악02,14,[14] 18:40,36_인헌초등학교,36,517,인헌초등학교,서울70사8904,18:40,2019-09-02 18:40,,0,677
11110537,관악02,14,[14] 18:40,37_낙성대입구,37,518,낙성대입구,서울70사8904,18:40,2019-09-02 18:40,2019-09-02 19:34,24,701
11110537,관악02,15,[15] 19:34,01_낙성대역,1,519,낙성대역,서울70사8904,19:34,2019-09-02 19:34,,0,701
11110537,관악02,15,[15] 19:34,02_낙성대입구,2,520,낙성대입구,서울70사8904,19:34,2019-09-02 19:34,,0,701
11110537,관악02,15,[15] 19:34,03_인헌초등학교,3,521,인헌초등학교,서울70사8904,19:34,2019-09-02 19:34,2019-09-02 19:42,4,705
11110537,관악02,15,[15] 19:34,04_낙성대현대아파트,4,522,낙성대현대아파트,서울70사8904,19:34,2019-09-02 19:34,,0,705
11110537,관악02,15,[15] 19:34,05_낙성대공원.관악복합평생교육센터,5,523,낙성대공원.관악복합평생교육센터,서울70사8904,19:34,2019-09-02 19:34,,0,705
11110537,관악02,15,[15] 19:34,06_서울과학전시관,6,524,서울과학전시관,서울70사8904,19:34,2019-09-02 19:34,,0,705
11110537,관악02,15,[15] 19:34,07_호암교수회관,7,525,호암교수회관,서울70사8904,19:34,2019-09-02 19:34,,0,705
11110537,관악02,15,[15] 19:34,08_인헌아파트,8,526,인헌아파트,서울70사8904,19:34,2019-09-02 19:34,,0,705
11110537,관악02,15,[15] 19:34,09_교수아파트,9,527,교수아파트,서울70사8904,19:34,2019-09-02 19:34,,0,705
11110537,관악02,15,[15] 19:34,10_가족생활동,10,528,가족생활동,서울70사8904,19:34,2019-09-02 19:34,,0,705
11110537,관악02,15,[15] 19:34,11_서울대후문.연구공원,11,529,서울대후문.연구공원,서울70사8904,19:34,2019-09-02 19:34,2019-09-02 19:49,1,706
11110537,관악02,15,[15] 19:34,12_학부생활관,12,530,학부생활관,서울70사8904,19:34,2019-09-02 19:34,,0,706
11110537,관악02,15,[15] 19:34,13_대학원생활관,13,531,대학원생활관,서울70사8904,19:34,2019-09-02 19:34,,0,706
11110537,관악02,15,[15] 19:34,14_기숙사삼거리,14,532,기숙사삼거리,서울70사8904,19:34,2019-09-02 19:34,2019-09-02 19:52,1,707
11110537,관악02,15,[15] 19:34,15_공동기기원,15,533,공동기기원,서울70사8904,19:34,2019-09-02 19:34,,0,707
11110537,관악02,15,[15] 19:34,16_유전공학연구소.반도체공동연구소,16,534,유전공학연구소.반도체공동연구소,서울70사8904,19:34,2019-09-02 19:34,,0,707
11110537,관악02,15,[15] 19:34,17_에너지자원연구소,17,535,에너지자원연구소,서울70사8904,19:34,2019-09-02 19:34,,0,707
11110537,관악02,15,[15] 19:34,18_신소재연구소,18,536,신소재연구소,서울70사8904,19:34,2019-09-02 19:34,,0,707
11110537,관악02,15,[15] 19:34,19_제2파워플랜트,19,537,제2파워플랜트,서울70사8904,19:34,2019-09-02 19:34,,0,707
11110537,관악02,15,[15] 19:34,20_건설환경종합연구소,20,538,건설환경종합연구소,서울70사8904,19:34,2019-09-02 19:34,,0,707
11110537,관악02,15,[15] 19:34,21_제2공학관,21,539,제2공학관,서울70사8904,19:34,2019-09-02 19:34,2019-09-02 20:17,4,711
11110537,관악02,15,[15] 19:34,22_유회진학술정보관.제1공학관,22,540,유회진학술정보관.제1공학관,서울70사8904,19:34,2019-09-02 19:34,2019-09-02 20:22,3,714
11110537,관악02,15,[15] 19:34,23_유전공학연구소.반도체공동연구소,23,541,유전공학연구소.반도체공동연구소,서울70사8904,19:34,2019-09-02 19:34,2019-09-02 20:23,3,717
11110537,관악02,15,[15] 19:34,24_교수회관입구,24,542,교수회관입구,서울70사8904,19:34,2019-09-02 19:34,,0,717
11110537,관악02,15,[15] 19:34,25_관악사삼거리,25,543,관악사삼거리,서울70사8904,19:34,2019-09-02 19:34,2019-09-02 20:27,1,718
11110537,관악02,15,[15] 19:34,26_대학원생활관,26,544,대학원생활관,서울70사8904,19:34,2019-09-02 19:34,2019-09-02 20:28,2,720
11110537,관악02,15,[15] 19:34,27_노천강당,27,545,노천강당,서울70사8904,19:34,2019-09-02 19:34,2019-09-02 20:26,10,730
11110537,관악02,15,[15] 19:34,28_학부생활관,28,546,학부생활관,서울70사8904,19:34,2019-09-02 19:34,2019-09-02 20:28,4,734
11110537,관악02,15,[15] 19:34,29_BK국제관,29,547,BK국제관,서울70사8904,19:34,2019-09-02 19:34,2019-09-02 20:29,1,735
11110537,관악02,15,[15] 19:34,30_가족생활동,30,548,가족생활동,서울70사8904,19:34,2019-09-02 19:34,,0,735
11110537,관악02,15,[15] 19:34,31_호암교수회관,31,549,호암교수회관,서울70사8904,19:34,2019-09-02 19:34,,0,735
11110537,관악02,15,[15] 19:34,32_인헌아파트,32,550,인헌아파트,서울70사8904,19:34,2019-09-02 19:34,,0,735
11110537,관악02,15,[15] 19:34,33_서울과학전시관,33,551,서울과학전시관,서울70사8904,19:34,2019-09-02 19:34,2019-09-02 20:33,1,736
11110537,관악02,15,[15] 19:34,34_낙성대공원.관악복합평생교육센터,34,552,낙성대공원.관악복합평생교육센터,서울70사8904,19:34,2019-09-02 19:34,2019-09-02 20:34,1,737
11110537,관악02,15,[15] 19:34,35_낙성대현대아파트,35,553,낙성대현대아파트,서울70사8904,19:34,2019-09-02 19:34,,0,737
11110537,관악02,15,[15] 19:34,36_인헌초등학교,36,554,인헌초등학교,서울70사8904,19:34,2019-09-02 19:34,2019-09-02 20:36,1,738
11110537,관악02,15,[15] 19:34,37_낙성대입구,37,555,낙성대입구,서울70사8904,19:34,2019-09-02 19:34,,0,738
11110537,관악02,16,[16] 20:42,01_낙성대역,1,556,낙성대역,서울70사8904,20:42,2019-09-02 20:42,2019-09-02 20:42,16,754
11110537,관악02,16,[16] 20:42,02_낙성대입구,2,557,낙성대입구,서울70사8904,20:42,2019-09-02 20:42,2019-09-02 20:53,4,758
11110537,관악02,16,[16] 20:42,03_인헌초등학교,3,558,인헌초등학교,서울70사8904,20:42,2019-09-02 20:42,2019-09-02 20:54,1,759
11110537,관악02,16,[16] 20:42,04_낙성대현대아파트,4,559,낙성대현대아파트,서울70사8904,20:42,2019-09-02 20:42,,0,759
11110537,관악02,16,[16] 20:42,05_낙성대공원.관악복합평생교육센터,5,560,낙성대공원.관악복합평생교육센터,서울70사8904,20:42,2019-09-02 20:42,,0,759
11110537,관악02,16,[16] 20:42,06_서울과학전시관,6,561,서울과학전시관,서울70사8904,20:42,2019-09-02 20:42,,0,759
11110537,관악02,16,[16] 20:42,07_호암교수회관,7,562,호암교수회관,서울70사8904,20:42,2019-09-02 20:42,,0,759
11110537,관악02,16,[16] 20:42,08_인헌아파트,8,563,인헌아파트,서울70사8904,20:42,2019-09-02 20:42,,0,759
11110537,관악02,16,[16] 20:42,09_교수아파트,9,564,교수아파트,서울70사8904,20:42,2019-09-02 20:42,,0,759
11110537,관악02,16,[16] 20:42,10_가족생활동,10,565,가족생활동,서울70사8904,20:42,2019-09-02 20:42,,0,759
11110537,관악02,16,[16] 20:42,11_서울대후문.연구공원,11,566,서울대후문.연구공원,서울70사8904,20:42,2019-09-02 20:42,,0,759
11110537,관악02,16,[16] 20:42,12_학부생활관,12,567,학부생활관,서울70사8904,20:42,2019-09-02 20:42,,0,759
11110537,관악02,16,[16] 20:42,13_대학원생활관,13,568,대학원생활관,서울70사8904,20:42,2019-09-02 20:42,,0,759
11110537,관악02,16,[16] 20:42,14_기숙사삼거리,14,569,기숙사삼거리,서울70사8904,20:42,2019-09-02 20:42,,0,759
11110537,관악02,16,[16] 20:42,15_공동기기원,15,570,공동기기원,서울70사8904,20:42,2019-09-02 20:42,,0,759
11110537,관악02,16,[16] 20:42,16_유전공학연구소.반도체공동연구소,16,571,유전공학연구소.반도체공동연구소,서울70사8904,20:42,2019-09-02 20:42,,0,759
11110537,관악02,16,[16] 20:42,17_에너지자원연구소,17,572,에너지자원연구소,서울70사8904,20:42,2019-09-02 20:42,,0,759
11110537,관악02,16,[16] 20:42,18_신소재연구소,18,573,신소재연구소,서울70사8904,20:42,2019-09-02 20:42,,0,759
11110537,관악02,16,[16] 20:42,19_제2파워플랜트,19,574,제2파워플랜트,서울70사8904,20:42,2019-09-02 20:42,,0,759
11110537,관악02,16,[16] 20:42,20_건설환경종합연구소,20,575,건설환경종합연구소,서울70사8904,20:42,2019-09-02 20:42,,0,759
11110537,관악02,16,[16] 20:42,21_제2공학관,21,576,제2공학관,서울70사8904,20:42,2019-09-02 20:42,2019-09-02 21:34,8,767
11110537,관악02,16,[16] 20:42,22_유회진학술정보관.제1공학관,22,577,유회진학술정보관.제1공학관,서울70사8904,20:42,2019-09-02 20:42,,0,767
11110537,관악02,16,[16] 20:42,23_유전공학연구소.반도체공동연구소,23,578,유전공학연구소.반도체공동연구소,서울70사8904,20:42,2019-09-02 20:42,2019-09-02 21:43,2,769
11110537,관악02,16,[16] 20:42,24_교수회관입구,24,579,교수회관입구,서울70사8904,20:42,2019-09-02 20:42,2019-09-02 21:44,2,771
11110537,관악02,16,[16] 20:42,25_관악사삼거리,25,580,관악사삼거리,서울70사8904,20:42,2019-09-02 20:42,2019-09-02 21:47,6,777
11110537,관악02,16,[16] 20:42,26_대학원생활관,26,581,대학원생활관,서울70사8904,20:42,2019-09-02 20:42,2019-09-02 21:48,7,784
11110537,관악02,16,[16] 20:42,27_노천강당,27,582,노천강당,서울70사8904,20:42,2019-09-02 20:42,2019-09-02 21:46,5,789
11110537,관악02,16,[16] 20:42,28_학부생활관,28,583,학부생활관,서울70사8904,20:42,2019-09-02 20:42,2019-09-02 21:49,2,791
11110537,관악02,16,[16] 20:42,29_BK국제관,29,584,BK국제관,서울70사8904,20:42,2019-09-02 20:42,,0,791
11110537,관악02,16,[16] 20:42,30_가족생활동,30,585,가족생활동,서울70사8904,20:42,2019-09-02 20:42,,0,791
11110537,관악02,16,[16] 20:42,31_호암교수회관,31,586,호암교수회관,서울70사8904,20:42,2019-09-02 20:42,,0,791
11110537,관악02,16,[16] 20:42,32_인헌아파트,32,587,인헌아파트,서울70사8904,20:42,2019-09-02 20:42,,0,791
11110537,관악02,16,[16] 20:42,33_서울과학전시관,33,588,서울과학전시관,서울70사8904,20:42,2019-09-02 20:42,2019-09-02 21:53,1,792
11110537,관악02,16,[16] 20:42,34_낙성대공원.관악복합평생교육센터,34,589,낙성대공원.관악복합평생교육센터,서울70사8904,20:42,2019-09-02 20:42,,0,792
11110537,관악02,16,[16] 20:42,35_낙성대현대아파트,35,590,낙성대현대아파트,서울70사8904,20:42,2019-09-02 20:42,2019-09-02 21:56,1,793
11110537,관악02,16,[16] 20:42,36_인헌초등학교,36,591,인헌초등학교,서울70사8904,20:42,2019-09-02 20:42,,0,793
11110537,관악02,16,[16] 20:42,37_낙성대입구,37,592,낙성대입구,서울70사8904,20:42,2019-09-02 20:42,,0,793
11110537,관악02,17,[17] 22:02,01_낙성대역,1,593,낙성대역,서울70사8904,22:02,2019-09-02 22:02,2019-09-02 22:02,39,832
11110537,관악02,17,[17] 22:02,02_낙성대입구,2,594,낙성대입구,서울70사8904,22:02,2019-09-02 22:02,2019-09-02 22:08,5,837
11110537,관악02,17,[17] 22:02,03_인헌초등학교,3,595,인헌초등학교,서울70사8904,22:02,2019-09-02 22:02,,0,837
11110537,관악02,17,[17] 22:02,04_낙성대현대아파트,4,596,낙성대현대아파트,서울70사8904,22:02,2019-09-02 22:02,,0,837
11110537,관악02,17,[17] 22:02,05_낙성대공원.관악복합평생교육센터,5,597,낙성대공원.관악복합평생교육센터,서울70사8904,22:02,2019-09-02 22:02,,0,837
11110537,관악02,17,[17] 22:02,06_서울과학전시관,6,598,서울과학전시관,서울70사8904,22:02,2019-09-02 22:02,,0,837
11110537,관악02,17,[17] 22:02,07_호암교수회관,7,599,호암교수회관,서울70사8904,22:02,2019-09-02 22:02,,0,837
11110537,관악02,17,[17] 22:02,08_인헌아파트,8,600,인헌아파트,서울70사8904,22:02,2019-09-02 22:02,,0,837
11110537,관악02,17,[17] 22:02,09_교수아파트,9,601,교수아파트,서울70사8904,22:02,2019-09-02 22:02,,0,837
11110537,관악02,17,[17] 22:02,10_가족생활동,10,602,가족생활동,서울70사8904,22:02,2019-09-02 22:02,,0,837
11110537,관악02,17,[17] 22:02,11_서울대후문.연구공원,11,603,서울대후문.연구공원,서울70사8904,22:02,2019-09-02 22:02,2019-09-02 22:16,1,838
11110537,관악02,17,[17] 22:02,12_학부생활관,12,604,학부생활관,서울70사8904,22:02,2019-09-02 22:02,,0,838
11110537,관악02,17,[17] 22:02,13_대학원생활관,13,605,대학원생활관,서울70사8904,22:02,2019-09-02 22:02,,0,838
11110537,관악02,17,[17] 22:02,14_기숙사삼거리,14,606,기숙사삼거리,서울70사8904,22:02,2019-09-02 22:02,,0,838
11110537,관악02,17,[17] 22:02,15_공동기기원,15,607,공동기기원,서울70사8904,22:02,2019-09-02 22:02,,0,838
11110537,관악02,17,[17] 22:02,16_유전공학연구소.반도체공동연구소,16,608,유전공학연구소.반도체공동연구소,서울70사8904,22:02,2019-09-02 22:02,,0,838
11110537,관악02,17,[17] 22:02,17_에너지자원연구소,17,609,에너지자원연구소,서울70사8904,22:02,2019-09-02 22:02,,0,838
11110537,관악02,17,[17] 22:02,18_신소재연구소,18,610,신소재연구소,서울70사8904,22:02,2019-09-02 22:02,,0,838
11110537,관악02,17,[17] 22:02,19_제2파워플랜트,19,611,제2파워플랜트,서울70사8904,22:02,2019-09-02 22:02,,0,838
11110537,관악02,17,[17] 22:02,20_건설환경종합연구소,20,612,건설환경종합연구소,서울70사8904,22:02,2019-09-02 22:02,,0,838
11110537,관악02,17,[17] 22:02,21_제2공학관,21,613,제2공학관,서울70사8904,22:02,2019-09-02 22:02,2019-09-02 22:47,4,842
11110537,관악02,17,[17] 22:02,22_유회진학술정보관.제1공학관,22,614,유회진학술정보관.제1공학관,서울70사8904,22:02,2019-09-02 22:02,,0,842
11110537,관악02,17,[17] 22:02,23_유전공학연구소.반도체공동연구소,23,615,유전공학연구소.반도체공동연구소,서울70사8904,22:02,2019-09-02 22:02,2019-09-02 22:55,3,845
11110537,관악02,17,[17] 22:02,24_교수회관입구,24,616,교수회관입구,서울70사8904,22:02,2019-09-02 22:02,,0,845
11110537,관악02,17,[17] 22:02,25_관악사삼거리,25,617,관악사삼거리,서울70사8904,22:02,2019-09-02 22:02,2019-09-02 22:58,1,846
11110537,관악02,17,[17] 22:02,26_대학원생활관,26,618,대학원생활관,서울70사8904,22:02,2019-09-02 22:02,,0,846
11110537,관악02,17,[17] 22:02,27_노천강당,27,619,노천강당,서울70사8904,22:02,2019-09-02 22:02,2019-09-02 22:57,7,853
11110537,관악02,17,[17] 22:02,28_학부생활관,28,620,학부생활관,서울70사8904,22:02,2019-09-02 22:02,,0,853
11110537,관악02,17,[17] 22:02,29_BK국제관,29,621,BK국제관,서울70사8904,22:02,2019-09-02 22:02,,0,853
11110537,관악02,17,[17] 22:02,30_가족생활동,30,622,가족생활동,서울70사8904,22:02,2019-09-02 22:02,,0,853
11110537,관악02,17,[17] 22:02,31_호암교수회관,31,623,호암교수회관,서울70사8904,22:02,2019-09-02 22:02,,0,853
11110537,관악02,17,[17] 22:02,32_인헌아파트,32,624,인헌아파트,서울70사8904,22:02,2019-09-02 22:02,,0,853
11110537,관악02,17,[17] 22:02,33_서울과학전시관,33,625,서울과학전시관,서울70사8904,22:02,2019-09-02 22:02,,0,853
11110537,관악02,17,[17] 22:02,34_낙성대공원.관악복합평생교육센터,34,626,낙성대공원.관악복합평생교육센터,서울70사8904,22:02,2019-09-02 22:02,,0,853
11110537,관악02,17,[17] 22:02,35_낙성대현대아파트,35,627,낙성대현대아파트,서울70사8904,22:02,2019-09-02 22:02,,0,853
11110537,관악02,17,[17] 22:02,36_인헌초등학교,36,628,인헌초등학교,서울70사8904,22:02,2019-09-02 22:02,2019-09-02 23:06,1,854
11110537,관악02,17,[17] 22:02,37_낙성대입구,37,629,낙성대입구,서울70사8904,22:02,2019-09-02 22:02,,0,854
11110537,관악02,18,[18] 23:09,01_낙성대역,1,630,낙성대역,서울70사8904,23:09,2019-09-02 23:09,2019-09-02 23:09,15,869
11110537,관악02,18,[18] 23:09,02_낙성대입구,2,631,낙성대입구,서울70사8904,23:09,2019-09-02 23:09,2019-09-02 23:16,7,876
11110537,관악02,18,[18] 23:09,03_인헌초등학교,3,632,인헌초등학교,서울70사8904,23:09,2019-09-02 23:09,2019-09-02 23:16,2,878
11110537,관악02,18,[18] 23:09,04_낙성대현대아파트,4,633,낙성대현대아파트,서울70사8904,23:09,2019-09-02 23:09,,0,878
11110537,관악02,18,[18] 23:09,05_낙성대공원.관악복합평생교육센터,5,634,낙성대공원.관악복합평생교육센터,서울70사8904,23:09,2019-09-02 23:09,,0,878
11110537,관악02,18,[18] 23:09,06_서울과학전시관,6,635,서울과학전시관,서울70사8904,23:09,2019-09-02 23:09,,0,878
11110537,관악02,18,[18] 23:09,07_호암교수회관,7,636,호암교수회관,서울70사8904,23:09,2019-09-02 23:09,,0,878
11110537,관악02,18,[18] 23:09,08_인헌아파트,8,637,인헌아파트,서울70사8904,23:09,2019-09-02 23:09,,0,878
11110537,관악02,18,[18] 23:09,09_교수아파트,9,638,교수아파트,서울70사8904,23:09,2019-09-02 23:09,,0,878
11110537,관악02,18,[18] 23:09,10_가족생활동,10,639,가족생활동,서울70사8904,23:09,2019-09-02 23:09,,0,878
11110537,관악02,18,[18] 23:09,11_서울대후문.연구공원,11,640,서울대후문.연구공원,서울70사8904,23:09,2019-09-02 23:09,,0,878
11110537,관악02,18,[18] 23:09,12_학부생활관,12,641,학부생활관,서울70사8904,23:09,2019-09-02 23:09,,0,878
11110537,관악02,18,[18] 23:09,13_대학원생활관,13,642,대학원생활관,서울70사8904,23:09,2019-09-02 23:09,,0,878
11110537,관악02,18,[18] 23:09,14_기숙사삼거리,14,643,기숙사삼거리,서울70사8904,23:09,2019-09-02 23:09,,0,878
11110537,관악02,18,[18] 23:09,15_공동기기원,15,644,공동기기원,서울70사8904,23:09,2019-09-02 23:09,,0,878
11110537,관악02,18,[18] 23:09,16_유전공학연구소.반도체공동연구소,16,645,유전공학연구소.반도체공동연구소,서울70사8904,23:09,2019-09-02 23:09,,0,878
11110537,관악02,18,[18] 23:09,17_에너지자원연구소,17,646,에너지자원연구소,서울70사8904,23:09,2019-09-02 23:09,,0,878
11110537,관악02,18,[18] 23:09,18_신소재연구소,18,647,신소재연구소,서울70사8904,23:09,2019-09-02 23:09,,0,878
11110537,관악02,18,[18] 23:09,19_제2파워플랜트,19,648,제2파워플랜트,서울70사8904,23:09,2019-09-02 23:09,,0,878
11110537,관악02,18,[18] 23:09,20_건설환경종합연구소,20,649,건설환경종합연구소,서울70사8904,23:09,2019-09-02 23:09,,0,878
11110537,관악02,18,[18] 23:09,21_제2공학관,21,650,제2공학관,서울70사8904,23:09,2019-09-02 23:09,2019-09-02 23:32,3,881
11110537,관악02,18,[18] 23:09,22_유회진학술정보관.제1공학관,22,651,유회진학술정보관.제1공학관,서울70사8904,23:09,2019-09-02 23:09,,0,881
11110537,관악02,18,[18] 23:09,23_유전공학연구소.반도체공동연구소,23,652,유전공학연구소.반도체공동연구소,서울70사8904,23:09,2019-09-02 23:09,,0,881
11110537,관악02,18,[18] 23:09,24_교수회관입구,24,653,교수회관입구,서울70사8904,23:09,2019-09-02 23:09,,0,881
11110537,관악02,18,[18] 23:09,25_관악사삼거리,25,654,관악사삼거리,서울70사8904,23:09,2019-09-02 23:09,2019-09-02 23:40,2,883
11110537,관악02,18,[18] 23:09,26_대학원생활관,26,655,대학원생활관,서울70사8904,23:09,2019-09-02 23:09,2019-09-02 23:41,1,884
11110537,관악02,18,[18] 23:09,27_노천강당,27,656,노천강당,서울70사8904,23:09,2019-09-02 23:09,2019-09-02 23:38,2,886
11110537,관악02,18,[18] 23:09,28_학부생활관,28,657,학부생활관,서울70사8904,23:09,2019-09-02 23:09,,0,886
11110537,관악02,18,[18] 23:09,29_BK국제관,29,658,BK국제관,서울70사8904,23:09,2019-09-02 23:09,,0,886
11110537,관악02,18,[18] 23:09,30_가족생활동,30,659,가족생활동,서울70사8904,23:09,2019-09-02 23:09,,0,886
11110537,관악02,18,[18] 23:09,31_호암교수회관,31,660,호암교수회관,서울70사8904,23:09,2019-09-02 23:09,,0,886
11110537,관악02,18,[18] 23:09,32_인헌아파트,32,661,인헌아파트,서울70사8904,23:09,2019-09-02 23:09,,0,886
11110537,관악02,18,[18] 23:09,33_서울과학전시관,33,662,서울과학전시관,서울70사8904,23:09,2019-09-02 23:09,,0,886
11110537,관악02,18,[18] 23:09,34_낙성대공원.관악복합평생교육센터,34,663,낙성대공원.관악복합평생교육센터,서울70사8904,23:09,2019-09-02 23:09,,0,886
11110537,관악02,18,[18] 23:09,35_낙성대현대아파트,35,664,낙성대현대아파트,서울70사8904,23:09,2019-09-02 23:09,,0,886
11110537,관악02,18,[18] 23:09,36_인헌초등학교,36,665,인헌초등학교,서울70사8904,23:09,2019-09-02 23:09,,0,886
11110537,관악02,18,[18] 23:09,37_낙성대입구,37,666,낙성대입구,서울70사8904,23:09,2019-09-02 23:09,,0,886
